id,Hochdeutsch,IPA_Dialekt,method_greedy,method_positional,method_ibm,greedy_hits,greedy_pmi,greedy_rate,positional_count,ibm_prob,ibm_expected_count,ibm_sentence_support,method_count,methods,example_type,example_sentence,example_ipa_audio,example_ipa_reference,example_tense,correct,comment
1,und,ʊnt,1,1,1,143.0,3.0135,0.4347,67.0,0.999422,143.8526,143.0,3,"greedy, positional, ibm",hd+ipa,Alle Elemente sind gesteckt und geschraubt.,ɑːliːrə mɛnt zɪnt gʃtɛkɪt ʊnt gʃroːbət,alə eːleːmɛntə zɪnt ɡəʃtɛkt ʊnt ɡəʃraʊpt,Perfekt,1,
2,es,ɛs,1,1,1,107.0,2.4776,0.3702,89.0,0.974039,101.7704,105.0,3,"greedy, positional, ibm",hd+ipa,Es wäre sicher nicht zielführend.,ɛs vɛsɪç ɦɪnɛtsɪl fyːɾɛnd,ɛs vɛːrə zɪçɜ nɪçt tsiːlfyːrənt,Präsens,1,
3,für,fyːɾ,1,1,1,84.0,3.3846,0.359,39.0,0.996072,84.9041,83.0,3,"greedy, positional, ibm",hd+ipa,Sie hat die Zusammenarbeit für dieses Projekt mit den Gemeinden gesucht.,ɪn hɛt zlɛmə ɑːbɛlt fyːɾ das bɾɛkçt miː deːk maɪnɪnzgzuːxt,ziː hat diː tsuːzamənaɾbaɪt fyːɾ diːzəs pɾoːjɛkt mɪt deːn ɡəmaɪndən ɡəzuːxt,Perfekt,1,
4,im,ɪm,1,1,1,80.0,3.3836,0.4061,37.0,0.881895,78.1855,80.0,3,"greedy, positional, ibm",hd+ipa,Sie kümmerte sich nicht im Geringsten um das Glück ihres Vaters.,zɪh haɪt ziːɾ nɛd ɪm gɾɛŋkʃteːʊm ʃglʏk fɔːɾ iːrən vɑːtɛ gɾʏmərə,ziː kʏmɜtə zɪç nɪçt ɪm ɡərɪŋstən ʊm das ɡlʏk iːrəs fɑːtɜs,Präsens,1,
5,sich,zɪç,1,1,1,72.0,3.7201,0.3547,32.0,0.997988,72.703,72.0,3,"greedy, positional, ibm",hd+ipa,Susanne Heuberger begibt sich in den Ausstand.,tsuːzɑːn hɔøbɛɾgɔ bɛgiːt zɪç ɪn ʊsʃtɑːnd,zuːzanə hɔøbɛɾɡɜ bəɡiːpt zɪç ɪn deːn aʊsʃtant,Präsens,1,
6,ich,ɪç,1,1,1,68.0,2.8047,0.3285,60.0,0.991382,69.4041,68.0,3,"greedy, positional, ibm",hd+ipa,Ich danke aber auch allen Fiko-Mitgliedern für ihren ausserordentlichen Einsatz.,ɪç dɑŋkənaɪnɑːv alənə fiːk kɔmɪkgliːtɑː fyːrɪən ʊsɛrɔːgənləxəniːzɛts,ɪç daŋkə ɑːbɜ aʊx alən fiːkoːmɪtɡliːdɜn fyːɾ iːrən aʊszeːrɔɾdəntlɪçən aɪnzats,Präsens,1,
7,hat,hɛt,1,1,1,45.0,3.1926,0.3409,20.0,0.997556,44.3592,45.0,3,"greedy, positional, ibm",hd+ipa,Womit er natürlich recht hat.,vɔmi tɪn ɛn ɑn tøɾɭɪç gərɛçt hɛt,voːmɪt ɛɾ nɑːtyːɾlɪç rɛçt hat,Präsens,1,
8,werden,vɛɾdə,1,1,1,45.0,4.2332,0.2866,17.0,0.990521,45.9228,45.0,3,"greedy, positional, ibm",hd+ipa,Deshalb soll der Grenzschutz dort verstärkt werden.,ɪs aɪpsəldə gɾɛːnʃʊts døːt fɛɾʃtɛɾkst vɛɾdə,dɛshalp zɔl dɛɾ ɡɾɛntsʃʊts dɔɾt fɛɾʃtɛɾkt vɛɾdən,Futur,1,
9,als,als,1,1,1,43.0,4.8901,0.5,20.0,0.999951,44.9737,43.0,3,"greedy, positional, ibm",hd+ipa,Zudem bin ich bei SRF als Experte noch ein wenig dabei.,tsuːdɛn biniː biːɛsərɛf als ɛkspɛɾtɛ nɔɾ ɛs piːtslɪdɛbiː,tsuːdeːm bɪn ɪç baɪ ɛsɛrɛf als ɛkspɛɾtə nɔx aɪn veːnɪç dɑːbaɪ,Präsens,1,
10,auch,aʊ,1,1,1,35.0,3.749,0.157,25.0,0.934626,34.9606,35.0,3,"greedy, positional, ibm",hd+ipa,Auch die FDP möchte ihre Vertretung weiter ausbauen.,aʊ tɛftɪpeː vøːkiːr efɛtɾɛtɪg vitə uspaʊə,aʊx diː ɛfdeːpeː mœçtə iːrə fɛɾtɾeːtʊŋ vaɪtɜ aʊsbaʊən,Präsens,1,
11,sind,zɪnt,1,1,1,34.0,3.6402,0.2345,21.0,0.76856,33.8687,33.0,3,"greedy, positional, ibm",hd+ipa,Das sind eindeutige Aufgaben der Abteilungs- und Ressortleitung.,das zɪnt aɪdyːtɪgə gəʊfkɔpə foːdɛ aːptaɪlɪks ʊntrøːsɔːlaɪtɪk,das zɪnt aɪndɔøtɪɡə aʊfɡɑːbən dɛɾ aptaɪlʊŋs ʊnt rɛsɔɾtlaɪtʊŋ,Präsens,1,
12,nach,nɔx,1,1,1,32.0,5.1053,0.5246,13.0,0.999993,32.9645,32.0,3,"greedy, positional, ibm",hd+ipa,Geblieben ist hingegen ihr Drang nach Leistung.,liːbə ɪʃən geːgə iːrə dɾaːn nɔx laɪʃtɪk,ɡəbliːbən ɪst hɪnɡeːɡən iːɾ dɾaŋ nɑːx laɪstʊŋ,Perfekt,1,
13,des,fɔm,1,1,1,30.0,4.2472,0.3571,10.0,0.7381,29.3241,30.0,3,"greedy, positional, ibm",hd+ipa,Das Pensum des Abteilungsleiters verändert sich nicht.,spɪn tsʊm fɔm ɑp daɪnɪkslaɪtɛrɪtɛr hɛt zɪç nøtfɛ ɛndərət,das pɛnzʊm dɛs aptaɪlʊŋslaɪtɜs fɛɾɛndɜt zɪç nɪçt,Präsens,1,
14,zum,tsʊm,1,1,1,30.0,5.3792,0.5263,9.0,0.999991,29.9536,30.0,3,"greedy, positional, ibm",hd+ipa,Wählen Sie zum Anfangen die tiefere HD-Auflösung.,vɛɾlə tsi tsʊm aɪfɑːnə diː dyːfɔhɑːdə ʊfløːzɪk,vɛːlən ziː tsʊm anfaŋən diː tiːfərə hɑːdeːaʊfløːzʊŋ,Präsens,1,
15,er,ɛɾ,1,1,1,29.0,3.0817,0.2086,21.0,0.871397,28.9349,29.0,3,"greedy, positional, ibm",hd+ipa,"Er hatte 1,5 Promille sowie Kokain im Blut.",ɛɾ hɛt aɪs kɔn vyːn fryːlzə oːviː kɔkɾətən bloːkə,ɛɾ hatə aɪns fʏnf pɾoːmɪlə zoːviː koːkaɪn ɪm bluːt,Präteritum,1,
16,wir,miːɾ,1,1,1,28.0,3.4613,0.125,20.0,0.465966,27.8213,28.0,3,"greedy, positional, ibm",hd+ipa,Wir starten heute mit der zweiten Sitzung der Legislaturperiode.,miːɾ ʃtɑːdɪt miːdɪ tsaɪdə ziːtsɪç tɛɾ liːgɪs latuːɾ beːɾiːoːdə,viːɾ ʃtaɾtən hɔøtə mɪt dɛɾ tsvaɪtən zɪtsʊŋ dɛɾ leːɡɪslɑtʊɐpeːrɪoːdə,Präsens,1,
17,sie,ziː,1,1,1,27.0,3.0477,0.1421,17.0,0.510167,25.2732,26.0,3,"greedy, positional, ibm",hd+ipa,Wir lehnen sie einstimmig ab.,ɪlɛnət ziː aɪnʃtiːmiː aʊp,viːɾ leːnən ziː aɪnʃtɪmɪç ap,Präsens,1,
18,haben,hɛnt,1,1,1,24.0,3.9655,0.233,13.0,0.717217,23.8846,24.0,3,"greedy, positional, ibm",hd+ipa,Und neue Türen haben sich nicht geöffnet.,ʊnt nɔødyːrə hɛnt zɪç nøkəlfnɛt,ʊnt nɔøə tyːrən hɑːbən zɪç nɪçt ɡəœfnət,Perfekt,1,
19,zu,tsuː,1,1,1,22.0,3.1403,0.1287,4.0,0.915875,21.9255,22.0,3,"greedy, positional, ibm",hd+ipa,Dabei sind wir zu keinem vernünftigen Schluss gekommen.,dɛɾ biː zimə tsuː kaɪn fɔnœftɪgə ʃluːs koː,dɑːbaɪ zɪnt viːɾ tsuː kaɪnəm fɛɾnʏnftɪɡən ʃlʊs ɡəkɔmən,Perfekt,1,
20,so,zoː,1,1,1,19.0,4.4722,0.2159,13.0,0.680897,18.863,19.0,3,"greedy, positional, ibm",hd+ipa,Natürlich kann man Gas als nicht so schlimm wie andere Energieträger ansehen.,nɑktɪɔːliːk kɑmə gɑːs als nit zoː ʃlim biː andərə ɪnɑːkiːtɾɛːkɑː ɑːlwɑːkɑ,nɑːtyːɾlɪç kan man ɡɑːs als nɪçt zoː ʃlɪm viː andərə eːnɛɾɡiːtɾɛːɡɜ anzeːən,Präsens,1,
21,wird,viːɾt,1,1,1,19.0,4.1494,0.1496,10.0,0.368694,17.7598,19.0,3,"greedy, positional, ibm",hd+ipa,Weltistrasse wird genehmigt.,dvɛltɪʃ tɾas viːɾt gəneːmɪkt,vɛltɪstɾasə vɪɾt ɡəneːmɪçt,Futur,1,
22,doch,dɔx,1,1,1,18.0,4.994,0.2687,17.0,0.702046,17.9288,18.0,3,"greedy, positional, ibm",hd+ipa,Doch deshalb muss keiner auf Luxus und Leistung verzichten.,dɔx dɑːmə mʊs kɛnə flʊtsəl zoːd laɪʃtə diː diː diː zɪçtə,dɔx dɛshalp mʊs kaɪnɜ aʊf lʊksʊs ʊnt laɪstʊŋ fɛɾtsɪçtən,Präsens,1,
23,dass,das,1,1,1,18.0,3.8092,0.3,8.0,0.619734,17.6468,18.0,3,"greedy, positional, ibm",hd+ipa,"Schon ein paar mal habe ich erwähnt, dass das Potentialrechnungen sind.",tluːs baːmɔl hɔn nɪç ɛvɛnd das dɛs pʊtɛntsɪɑːlrɛçniːgəzɪnt,ʃoːn aɪn pɑːɾ mɑːl hɑːbə ɪç ɛɾvɛːnt das das poːtɛntiːalrɛçnʊŋən zɪnt,Präsens,1,
24,am,am,1,1,1,16.0,4.8349,0.1758,6.0,0.748133,15.9605,16.0,3,"greedy, positional, ibm",hd+ipa,Am Schluss wird er eine ganze Flasche geleert haben.,am xluθ vi atɾeɡants i flɛɾʃiɾ glɛjɾ tɑ,am ʃlʊs vɪɾt ɛɾ aɪnə ɡantsə flaʃə ɡəleːɾt hɑːbən,Futur,1,
25,bei,biː,1,1,1,16.0,3.9333,0.1882,6.0,0.956622,15.9957,16.0,3,"greedy, positional, ibm",hd+ipa,Bei der ersten Ausgabe wurden die Scheine folgendermassen verteilt.,biː dɛɾ eːɾʃtə ʊsgɑːp zɪnt tʃiːl foːlgənɛɾ maɾseː fɛɾdaɪlt vɔːdɛ,baɪ dɛɾ eːɾstən aʊsɡɑːbə vʊɐdən diː ʃaɪnə fɔlɡəndɜmasən fɛɾtaɪlt,Präteritum,1,
26,wie,viːɾ,1,1,1,15.0,3.9956,0.2586,11.0,0.713175,14.3721,15.0,3,"greedy, positional, ibm",hd+ipa,Wie fühlen Sie sich als Entertainer mittleren Alters?,viːɾ vyːlə tsiː ziːx als ɛndɔteːnɔ mɪçlrən ɛltɔs,viː fyːlən ziː zɪç als (en)ɛntəteɪnə(de) mɪtlərən altɜs,Präsens,1,
27,mehr,meː,1,1,1,14.0,4.7097,0.1867,9.0,0.796901,13.9753,14.0,3,"greedy, positional, ibm",hd+ipa,Jedes Jahr reisen mehr als 35 Millionen Touristen nach Thailand.,jeːdəs jɑːɾ als meː als fœfətɾɪsk mɪliːɔːnə duː viːɾʃtə ɔftɛɪlɛnt,jeːdəs jɑːɾ raɪzən meːɾ als fʏnf ʊntdɾaɪsɪç mɪljoːnən tuːrɪstən nɑːx taɪlant,Präsens,1,
28,dann,dɛn,1,1,1,14.0,3.8429,0.2745,7.0,0.696385,14.5973,14.0,3,"greedy, positional, ibm",hd+ipa,Die Prüfung und Beratung erfolgt dann an der nächsten Sitzung der FGPK.,bɾøːfyːkʊŋ bərɑːtɪgɛrfɔlp dɛn nɪçɛ nɛrʃtə siːt ziːk fɔl dɛr ɛfgeːpɛːkɾɑː,diː pɾyːfʊŋ ʊnt bərɑtʊŋ ɛɾfɔlkt dan an dɛɾ nɛçstən zɪtsʊŋ dɛɾ ɛfɡeːpeːkɑː,Präsens,1,
29,vom,fɔm,1,1,1,13.0,6.1617,0.65,5.0,0.999504,12.8134,13.0,3,"greedy, positional, ibm",hd+ipa,Wir haben vom DGS sehr viel Goodwill erfahren.,meɑ hænd fɔm dɛkə ɛs sɛrfɪl kʊt wɪl ɛfɑːbɛ,viːɾ hɑːbən fɔm deːɡeːɛs zeːɾ fiːl ɡoːdvɪl ɛɾfɑːrən,Präsens,1,
30,bereits,bəraɪts,1,1,1,12.0,6.3811,0.3243,4.0,0.861183,11.976,12.0,3,"greedy, positional, ibm",hd+ipa,Das Geld sei von der CS bereits ausbezahlt worden.,daɪkəltsɪk fɔr dɛɾ tseːrəs bəraɪts hʊstsaɪltpɔɾdən,das ɡɛlt zaɪ fɔn dɛɾ tseːɛs bəraɪts aʊsbətsɑːlt vɔɾdən,Präsens,1,
31,dafür,fyːɾ,1,1,1,12.0,5.7161,0.375,3.0,0.752235,11.949,12.0,3,"greedy, positional, ibm",hd+ipa,Dafür wurde er mit der Fields-Medaille ausgezeichnet.,dɑːrdɛ fyːɾ ɪn ɪn dɛn fiːlt mɪdɛlɾiː aʊstsaɪçnət vɑːrdən,dɑːfyːɾ vʊɐdə ɛɾ mɪt dɛɾ fiːltsmeːdalɪə aʊsɡətsaɪçnət,Präteritum,0,Dafür wäre dɑːrdɛ fyːɾ
32,hatte,hɛt,1,1,1,12.0,4.0921,0.3871,3.0,0.81967,11.7403,12.0,3,"greedy, positional, ibm",hd+ipa,"Er hatte 1,5 Promille sowie Kokain im Blut.",ɛɾ hɛt aɪs kɔn vyːn fryːlzə oːviː kɔkɾətən bloːkə,ɛɾ hatə aɪns fʏnf pɾoːmɪlə zoːviː koːkaɪn ɪm bluːt,Präteritum,1,
33,ganz,gants,1,1,1,11.0,6.8801,0.4583,8.0,0.883215,10.9341,11.0,3,"greedy, positional, ibm",hd+ipa,Cannabis ist in Bezug auf Psychose nicht ganz ohne.,kɑnɑpɪs ɪn bɪtsuːkɔf pɪsɪxɔsɛ nøk gants ɔnɪ,kanabɪs ɪst ɪn bətsuːk aʊf pzʏçoːzə nɪçt ɡants oːnə,Präsens,1,
34,um,ʊm,1,1,1,11.0,4.5138,0.2,7.0,0.623954,10.9572,11.0,3,"greedy, positional, ibm",hd+ipa,"Die Prämie für Kinder sinkt hingegen leicht um 0,1 Prozent.",bɾaɪm ɛɾ fɛrɪnt zɪŋkt hɛŋgɛɾgəliːɾxt ʊm nʊlkɾɛm aɪs bɔːtsɛnt,diː pɾɛːmɪə fyːɾ kɪndɜ zɪŋkt hɪnɡeːɡən laɪçt ʊm nʊl aɪns pɾoːtsɛnt,Präsens,1,
35,nur,nuːɾ,1,1,1,11.0,5.2203,0.1571,5.0,0.712759,10.9791,11.0,3,"greedy, positional, ibm",hd+ipa,Dagegen spricht nicht nur die lange Tradition der US-Autoindustrie.,dɛɾ gɛgɛɾ ʃpɪçmə nuːɾ diː laŋt dɑdɪtsoːn foːɾ dɛɾ uːɾs alpɪtɾoː ɪnduːɾstɾiː,daɡeːɡən ʃpɾɪçt nɪçt nuːɾ diː laŋə tɾɑdiːtsjoːn dɛɾ uːɛsaʊtoːɪndʊstɾiː,Präsens,1,
36,alles,ɑːləs,1,1,1,10.0,6.4207,0.2778,5.0,0.596578,9.8924,10.0,3,"greedy, positional, ibm",hd+ipa,Und was darf das alles kosten?,uːnd vɑːs dɛɾ ɔf dɑːs ɑːləs xaʊʃtə,ʊnt vas daɾf das aləs kɔstən,Präsens,1,
37,viel,fiːl,1,1,1,9.0,5.6837,0.3,5.0,0.58671,8.6089,9.0,3,"greedy, positional, ibm",hd+ipa,So viel weiter sind wir inzwischen nicht gekommen.,soː fiːl viːtɛɾ siːm maɪn tsuːiːʃɛ nɔnɪkɾoː,zoː fiːl vaɪtɜ zɪnt viːɾ ɪntsvɪʃən nɪçt ɡəkɔmən,Perfekt,1,
38,uns,yːs,1,1,1,9.0,5.6057,0.1579,3.0,0.44761,8.9185,9.0,3,"greedy, positional, ibm",hd+ipa,Immer der Spielverderber zu sein macht auch uns keinen Spass.,ɪmɛɾ dɛɾ ʃpɪl fɔr deːɾ pʊtsiː maxt yːs kaɪ ʃpas,ɪmɜ dɛɾ ʃpiːlfɜdɜbɜ tsuː zaɪn maxt aʊx ʊns kaɪnən ʃpas,Präsens,1,
39,mich,mɪç,1,1,1,9.0,5.5269,0.2093,2.0,0.544522,8.9947,9.0,3,"greedy, positional, ibm",hd+ipa,In der Schweiz gibt es für mich trotzdem auch einen König.,aɪ dɛɾ ʃviːtskiːts fyːɾ mɪç trɔts dɛm aʊən kœnɪç,ɪn dɛɾ ʃvaɪts ɡiːpt ɛs fyːɾ mɪç tɾɔtsdeːm aʊx aɪnən køːnɪç,Präsens,1,
40,andere,andərə,1,1,1,8.0,5.6747,0.3478,4.0,0.704431,7.9429,8.0,3,"greedy, positional, ibm",hd+ipa,Natürlich kann man Gas als nicht so schlimm wie andere Energieträger ansehen.,nɑktɪɔːliːk kɑmə gɑːs als nit zoː ʃlim biː andərə ɪnɑːkiːtɾɛːkɑː ɑːlwɑːkɑ,nɑːtyːɾlɪç kan man ɡɑːs als nɪçt zoː ʃlɪm viː andərə eːnɛɾɡiːtɾɛːɡɜ anzeːən,Präsens,1,
41,zwei,tsvaɪ,1,1,1,8.0,5.0207,0.2,2.0,0.890005,7.9927,8.0,3,"greedy, positional, ibm",hd+ipa,Wir betreiben in Griechenland zwei Anlaufstellen nur für Frauen.,miːɾ bɪdɾiːbə diːn gɾiːrəkə lan tsvaɪ alɑːf stɛlən nuːɾ fyːɾfɾaʊə,viːɾ bətɾaɪbən ɪn ɡɾiːçənlant tsvaɪ anlaʊfʃtɛlən nuːɾ fyːɾ fraʊən,Präsens,1,
42,zeit,tsiːt,1,1,1,7.0,6.2381,0.3182,5.0,0.563524,6.9078,7.0,3,"greedy, positional, ibm",hd+ipa,War das in letzter Zeit anders?,ɪʃ ɑːsiːltʃtɔ tsiːt ɑːmkɔːʃ gsɪ,vɑːɾ das ɪn lɛtstɜ tsaɪt andɜs,Präteritum,1,
43,vor,fɔɾ,1,1,1,7.0,2.5462,0.1061,4.0,0.487325,6.0209,7.0,3,"greedy, positional, ibm",hd+ipa,Der russische Ministerpräsident Wladimir Putin warnte vor einer Intervention von aussen.,ɪtə rʊsɪʃ miːnɪʃtɑːpɛɪsɪdɛnt vlɑːtɪ miːɾ bʊdɪn hɛdfɔrɑː ɪntɛɾɪntsɪːoːn fɔɾ ʊsəkwaɾnt,dɛɾ rʊsɪʃə miːnɪstɜpɾɛːziːdɛnt vlɑdiːmiːɾ puːtɪn vaɾntə fɔɾ aɪnɜ ɪntɜvəntsjoːn fɔn aʊsən,Präsens,1,
44,anderen,andərə,1,1,1,7.0,6.6975,0.4375,2.0,0.920698,6.9999,7.0,3,"greedy, positional, ibm",hd+ipa,Ihre persönlichen Probleme teilen sie nur ungern mit anderen Menschen.,iːøːpəzøːnɪç ɦiːpɔbleːm dɑːlə tsiːn ʊŋgɑːn mɪt andərə mɛndʒə,iːrə pɛɾzøːnlɪçən pɾoːbleːmə taɪlən ziː nuːɾ ʊnɡɛɾn mɪt andərən mɛnʃən,Präsens,1,
45,macht,maxt,1,1,1,7.0,6.3427,0.3684,2.0,0.712611,6.9472,7.0,3,"greedy, positional, ibm",hd+ipa,Die heutige Technik macht vieles möglich.,deːhyːddɪk tɛxnɪk maxt fiːləs møːgəlɪç,diː hɔøtɪɡə tɛçnɪk maxt fiːləs møːklɪç,Präsens,1,
46,viele,fiːl,1,1,1,6.0,6.5462,0.2727,5.0,0.598066,6.2949,6.0,3,"greedy, positional, ibm",hd+ipa,Es gibt viel Spielraum für viele mögliche Interpretationen.,ɛs giːt fiːl ʃpiːlərʊm fyːɾ fiːlɪ mœglɪçiː ɪntɛpɾɛtatsɪɔnɛ,ɛs ɡiːpt fiːl ʃpiːlraʊm fyːɾ fiːlə møːklɪçə ɪntɜpɾeːtatsjoːnən,Präsens,1,
47,immer,ɪm,1,1,1,6.0,3.7243,0.1714,4.0,0.635464,6.1685,6.0,3,"greedy, positional, ibm",hd+ipa,"Ich äussere mich dazu, weil die Befangenheitsdiskussion immer wieder ein Argument ist.",ɪç øsəɾ mɪçtə tswɛl vɪlt bəfɑːŋəhaɪts diːs kɔsɪʊn ɪm ɛviːdɛɾ ɛs ɑːgʊmɛntɪʃ,ɪç ɔøsərə mɪç dɑːtsuː vaɪl diː bəfaŋənhaɪtsdɪskʊsjoːn ɪmɜ viːdɜ aɪn aɾɡuːmɛnt ɪst,Präsens,?,
48,was,vas,1,1,1,6.0,6.1755,0.1875,4.0,0.327069,5.7487,6.0,3,"greedy, positional, ibm",hd+ipa,Was muss man sich unter mobilen Bänken vorstellen?,vas muːɾs mɔz mɔz zɪç ʊntɛɾ mɔbiːlə bɛŋk fɔɾʃtɛlə,vas mʊs man zɪç ʊntɜ moːbiːlən bɛŋkən foːɾʃtɛlən,Präsens,1,
49,beiden,baɪdə,1,1,1,6.0,7.0056,0.375,3.0,0.678714,5.5143,6.0,3,"greedy, positional, ibm",hd+ipa,Sie zeigen die beiden Entführten vor einem grossen schwarzen Banner sitzend.,ɛs tsaɪgɪ baɪdə ɛntfyːrə woːfɑːm neː goːsɪʃ vɑːtsə bɑːnə ziːtsət,ziː tsaɪɡən diː baɪdən ɛntfyːɾtən fɔɾ aɪnəm ɡɾɔsən ʃvaɾtsən banɜ zɪtsənt,Präsens,1,
50,bis,bɪs,1,1,1,6.0,5.7161,0.1875,3.0,0.702082,5.9987,6.0,3,"greedy, positional, ibm",hd+ipa,Erhöhungsanträgen stehen wir grundsätzlich sehr kritisch bis ablehnend gegenüber.,ɛɾhøːlɪks aɾtɾaɪgɛstəlm viːɾ aɾ gɾʊntsətsəx zɛɾ kɾɪktɪç bɪs apleːnɪŋ gɛlgəneːbɜ,ɛɾhøːʊŋsantɾɛːɡən ʃteːən viːɾ ɡɾʊndzɛtslɪç zeːɾ kɾiːtɪʃ bɪs apleːnənt ɡeːɡənyːbɜ,Präsens,1,
51,geschäft,gʃɛft,1,1,1,6.0,7.6837,0.6,2.0,0.752029,6.2838,6.0,3,"greedy, positional, ibm",hd+ipa,Wir haben dieses Geschäft am 13. März 2018 in der FGPK behandelt.,miːɾ hɛnt dɛs gʃɛft ɑːm dɾiːtzɛtə mɛɾts tsvaɪ axtsɛn iːdɛnfgɛːpɛːkɛɾ bəhandlɛt,viːɾ hɑːbən diːzəs ɡəʃɛft am dɾaɪtseːn mɛɾts tsvaɪ taʊzənt axtseːn ɪn dɛɾ ɛfɡeːpeːkɑː bəhandəlt,Perfekt,1,
52,gilt,gɪlt,1,1,1,5.0,8.2687,0.5,3.0,0.661398,4.9992,5.0,3,"greedy, positional, ibm",hd+ipa,Ähnliches gilt bei den Sondererträgen.,ɛndlɪçt gɪlt biːdə zʊndɜ ɛɾtɾɛk,ɛːnlɪçəs ɡɪlt baɪ deːn zɔndeːrɜtɾɛːɡən,Präsens,1,
53,neue,nɔø,1,1,1,5.0,5.804,0.2174,3.0,0.516091,4.6247,5.0,3,"greedy, positional, ibm",hd+ipa,Welche aufregenden Möglichkeiten eröffnen neue Technologien?,vɪl juːvɾɛgənə mɪgəlgɾaɪtə rɛftə nɔø tɛxŋoːlɔgiːɛ,vɛlçə aʊfreːɡəndən mœklɪçkaɪtən ɛɾœfnən nɔøə tɛçnoːloːɡiːən,Präsens,1,
54,heute,hyːd,1,1,1,5.0,6.233,0.122,2.0,0.297375,4.1382,5.0,3,"greedy, positional, ibm",hd+ipa,Aus diesen Gründen werden wir heute dem Rückweisungsantrag mehrheitlich zustimmen.,aʊs dɛnən gɾønd vɛɾdən miːɾ hyːd ɪn ryːtvɪsɪksaːbdɾɑːg meːɾhaɪtlɪç tsuːl ʃtimən,aʊs diːzən ɡɾʏndən vɛɾdən viːɾ hɔøtə deːm rʏkvaɪzʊŋsantɾɑːk meːɾhaɪtlɪç tsuːʃtɪmən,Futur,1,
55,thema,teːmɑː,1,1,1,5.0,7.5031,0.2941,2.0,0.518205,4.7899,5.0,3,"greedy, positional, ibm",hd+ipa,Auch innerhalb der SVP wurde über dieses Thema eingehend diskutiert.,aʊɪnə haɪdffə ɛsəpɪt iʃ ybɛdɛs teːmɑː iːgɛn gɛndldɪs kʊdiːət vɔːdə,aʊx ɪnɜhalp dɛɾ ɛsfaʊpeː vʊɐdə yːbɜ diːzəs teːmɑː aɪnɡeːənt dɪskuːtiːɾt,Präteritum,1,
56,vier,fiːɾ,1,1,1,5.0,5.9937,0.4545,2.0,0.662725,5.8874,5.0,3,"greedy, positional, ibm",hd+ipa,Von den letzten vier Grand-Slam-Finals hat Federer nun drei verloren.,fɔr dɛɾ ɪtʃtə fiːɾ bɾɛnslɛnfaɪnəlz hɛt feːdɾɔː nʊmə dɾyːfəlɔɾə,fɔn deːn lɛtstən fiːɾ ɡɾantslɑːmfiːnɑːls hat feːdərɜ nuːn dɾaɪ fɛɾloːrən,Präteritum,1,
57,zur,tsuː,1,1,1,5.0,4.3015,0.1471,2.0,0.653169,4.9919,5.0,3,"greedy, positional, ibm",hd+ipa,Die Vernehmlassung zur Umsetzung des KiBeG wird voraussichtlich im Mai durchgeführt.,tɛnɛmla sɪç tsuː ʊmsɛtsɪk fɔn kɑːr ɪbeːgeːvɪɑː fɔrʊsɛçlɪç ɪm maːɪ dʊrətsɛɾt,diː fɛɾneːmlasʊŋ tsuːɾ ʊmzɛtsʊŋ dɛs kiː beː ɡeː vɪɾt foːraʊszɪçtlɪç ɪm maɪ dʊɐçɡəfyːɾt,Futur,1,
58,seit,ziː,1,1,1,4.0,4.0828,0.1429,4.0,0.436245,4.8178,5.0,3,"greedy, positional, ibm",hd+ipa,Thailand hat sich verändert seit dem letzten Besuch vor sechs Jahren.,taɪlənt hɪt zɪç ziː dʊm leːtʃtə psuːrfɔ zɛːg ziːɾ ɑːfərɛndərət,taɪlant hat zɪç fɛɾɛndɜt zaɪt deːm lɛtstən bəzuːx fɔɾ zɛks jɑːrən,Präsens,1,
59,gibt,giːt,1,1,1,4.0,6.2243,0.1212,4.0,0.249717,3.4077,4.0,3,"greedy, positional, ibm",hd+ipa,Es gibt jedoch keinen Grund mit der Umsetzung dringender Massnahmen zuzuwarten.,ɛs giːt jeːdaʊx kaɪn gʊnt miː deːm ʊmsɛtsɪç fɔrdɾɪŋənə mɑːsnɑːmə tsʊːrɛts vɑːɾtə,ɛs ɡiːpt jeːdɔx kaɪnən ɡɾʊnt mɪt dɛɾ ʊmzɛtsʊŋ dɾɪŋəndɜ masnɑːmən tsuːtsuːvaɾtən,Präsens,1,
60,liegt,liːt,1,1,1,4.0,7.0056,0.25,4.0,0.349824,3.8617,4.0,3,"greedy, positional, ibm",hd+ipa,Das Jahresprogramm liegt auf.,siɔvɛs pɔkɾɑːm liːt uːf,das jɑːrɛʃpɾɔɡɾam liːkt aʊf,Präsens,1,
61,möchte,mɛçt,1,1,1,4.0,6.6837,0.1667,4.0,0.308177,3.9422,4.0,3,"greedy, positional, ibm",hd+ipa,Gerne möchte ich aber zu Grundsätzlichem kommen.,gɛɾdən mɛçt diː aːbɛrtsuː gɾʊnt tsɛtslɪç ɪmkɔːx,ɡɛɾnə mœçtə ɪç ɑːbɜ tsuː ɡɾʊndzɛtslɪçəm kɔmən,Präsens,1,
62,zudem,tsuːdɛm,1,1,1,4.0,7.8092,0.3636,4.0,0.465518,3.8937,4.0,3,"greedy, positional, ibm",hd+ipa,Natürlich kommen zudem auch Araber und Russen.,nɑtyːɾiː kɛmɪ tsuːdɛm aʊ ɑːrɑːbɑː ʊntɾʊsɛ,nɑːtyːɾlɪç kɔmən tsuːdeːm aʊx ɑrɑːbɜ ʊnt rʊsən,Präsens,1,
63,dort,dœt,1,1,1,4.0,6.9467,0.16,3.0,0.448395,3.9654,4.0,3,"greedy, positional, ibm",hd+ipa,Dort kann die Bank unter Umständen gegen ihre eigenen Kunden spekulieren.,dœt kɑn pɑnk ʊnt ʊmstɛndɪgɛkɛɾ aɪgɪnək kʊndə spɪkoːliːrə,dɔɾt kan diː baŋk ʊntɜ ʊmʃtɛndən ɡeːɡən iːrə aɪɡənən kʊndən ʃpeːkuːliːrən,Präsens,1,
64,genau,knaʊ,1,1,1,4.0,7.6837,0.2667,3.0,0.474026,3.9948,4.0,3,"greedy, positional, ibm",hd+ipa,Wie ging das Personal genau vor?,viːɾ iːʃtɾiːɾɑːl zoːnaːl knaʊ vɔːr kaŋdə,viː ɡɪŋ das pɛɾzoːnɑːl ɡənaʊ fɔɾ,Präteritum,1,
65,gut,guːɾt,1,1,1,4.0,6.0056,0.125,3.0,0.392883,3.9576,4.0,3,"greedy, positional, ibm",hd+ipa,Er kennt die Grundbegriffe und grundlegenden Funktionen der Finanzwelt gut.,ɛɾ kɪɛnt gʊnt pəgɪf ʊnt gɾʊntlɛgəl ɪnfʊŋkxtsoː ʊntɛɾ finantsvaɪt guːɾt,ɛɾ kɛnt diː ɡɾʊndbɛɡɾɪfə ʊnt ɡɾʊndleːɡəndən fʊŋktsjoːnən dɛɾ fiːnantsvəlt ɡuːt,Präsens,1,
66,seine,ziːn,1,1,1,4.0,4.067,0.1739,3.0,0.575056,3.4835,4.0,3,"greedy, positional, ibm",hd+ipa,Afrikas Frühling lässt seine erste Schwalbe fliegen.,afriː krasfɔøːlɪç lɛst ziːn jɛɾʃʃtalbɛflyːgɛ,afriːkɑːs fryːlɪŋ lɛst zaɪnə eːɾstə ʃvalbə fliːɡən,Präsens,1,
67,wäre,vɛɾ,1,1,1,4.0,5.0987,0.2222,3.0,0.4339,3.9842,4.0,3,"greedy, positional, ibm",hd+ipa,Allein diese Tatsache wäre schon ein Schritt in die richtige Richtung.,ɛlaɪdiːtɛtsaːx vɛɾ ɑʊnʃvoːɛn ʃrɪptiː diː rɪçtɪgɾɪçtɪgɛk,alaɪn diːzə tatzaxə vɛːrə ʃoːn aɪn ʃrɪt ɪn diː rɪçtɪɡə rɪçtʊŋ,Präsens,1,
68,frauen,fraʊə,1,1,1,4.0,7.6837,0.2667,2.0,0.534684,3.9935,4.0,3,"greedy, positional, ibm",hd+ipa,"Die Frauen verloren im Schnitt 1,5 Kilogramm.",ɪn fraʊə hɛn diː bɛʃniːt aɪs kɛnma fyːf kɪloː fɛɾlɔvərə,diː fraʊən fɛɾloːrən ɪm ʃnɪt aɪns fʏnf kiːlɔɡɾam,Präteritum,1,
69,grossen,gɾoːsə,1,1,1,4.0,7.3052,0.3077,2.0,0.5813,3.9054,4.0,3,"greedy, positional, ibm",hd+ipa,Wir können heute keine grossen ambitionierten Sparmassnahmen in so kurzer Zeit präsentieren.,meːrçənt hyːdkɪç kɔɾaɪk gɾoːsə ɑːn bitsəniːr diː ʃpasnɑːmə iːzɑːxɔːtsɑː tsɪːk beːzənt diːrə,viːɾ kœnən hɔøtə kaɪnə ɡɾɔsən ambiːtsjoːniːɾtən ʃpaɾmasnɑːmən ɪn zoː kʊɐtsɜ tsaɪt pɾɛːzəntiːrən,Präsens,1,
70,stelle,ʃtɛl,1,1,1,4.0,7.6837,0.4,2.0,0.595785,3.9684,4.0,3,"greedy, positional, ibm",hd+ipa,Die Fiko hat anschliessend diese zu besetzende Stelle näher betrachtet.,ɪɾ viːkɔ hɛɾ aɾʃlyːsənt diː suː bɛzɛtsən diː ʃtɛl nœʁɔbəpraxtət,diː fiːkoː hat anʃliːsənt diːzə tsuː bəzɛtsəndə ʃtɛlə nɛːɜ bətɾaxtət,Präsens,1,
71,unter,ʊntɜ,1,1,1,4.0,7.1312,0.1818,2.0,0.568729,3.9729,4.0,3,"greedy, positional, ibm",hd+ipa,Die Feuerwehr habe den Brand schnell unter Kontrolle gebracht.,fyːɾvɪɾ heːbɪdə bɾaɪmd ʃnɛl ʊntɜ gɾʊntɾɔlə pɔxt,diː fɔøɜveːɾ hɑːbə deːn bɾant ʃnɛl ʊntɜ kɔntɾɔlə ɡəbɾaxt,Perfekt,1,
72,mit,mɪt,1,0,1,45.0,3.9367,0.283,,0.870133,45.5337,45.0,2,"greedy, ibm",hd+ipa,"Für diesen Verband, einen grossen Gewinn, mit positiven Folgen auch für dich.",fœltɛɾ fɛɾpant ɪnzəs ɪn gɾɑːsək vʏn mɪt pɔsɪtɪfə foːlgə aʊfə diː,fyːɾ diːzən fɛɾbant aɪnən ɡɾɔsən ɡəvɪn mɪt poːziːtiːvən fɔlɡən aʊx fyːɾ dɪç,Präsens,1,
73,auf,ɔf,1,0,1,19.0,4.114,0.1348,,0.577641,18.6025,19.0,2,"greedy, ibm",hd+ipa,"Im kommenden Jahr soll sie weiter auf 6,4 Prozent sinken.",ɪm nɛgʃtə jɑː zʊt ziːn nɔmɪ ɔf zɛxt kɔm ɪn fiːɾ pɔtsɛnt zɪnkə,ɪm kɔməndən jɑːɾ zɔl ziː vaɪtɜ aʊf zɛks fiːɾ pɾoːtsɛnt zɪŋkən,Präsens,1,
74,aus,ʊs,1,0,1,13.0,4.8112,0.1548,,0.501689,12.4701,13.0,2,"greedy, ibm",hd+ipa,"Diese Fördergelder, auch für die Unterführung, stammen aus dem Agloprogramm 2. Generation.",diːl fyːɾtɛgaɪzɛɾ aʊfiːɾt ʊntɪfiːɾiːk stamɛt ʊs dɛm tsaɪt dɛɾ aʊgləpɔgɾɑmtsvaɪtɪgeːnɛɾatsiːɔn,diːzə fœɾdɜɡɛldɜ aʊx fyːɾ diː ʊntɜfyːrʊŋ ʃtamən aʊs deːm aɡlɔpɾɔɡɾam tsvaɪ ɡɛneːratsjoːn,Präsens,1,
75,dabei,biː,1,0,1,11.0,5.4613,0.3143,,0.583063,10.9948,11.0,2,"greedy, ibm",hd+ipa,Dabei sind wir zu keinem vernünftigen Schluss gekommen.,dɛɾ biː zimə tsuː kaɪn fɔnœftɪgə ʃluːs koː,dɑːbaɪ zɪnt viːɾ tsuː kaɪnəm fɛɾnʏnftɪɡən ʃlʊs ɡəkɔmən,Perfekt,0,Dabei wäre dɛɾ biː
76,war,ɪç,1,0,1,11.0,2.3075,0.1236,,0.392633,10.3706,11.0,2,"greedy, ibm",hd+ipa,Dies war günstig und mit geringen Risiken behaftet.,ɛs ɪç gʏnst ɪksɪgə siː ʊnt mɪt gɛlgən riːzɪkɾoːbɛlf dɛt,diːs vɑːɾ ɡʏnstɪç ʊnt mɪt ɡərɪŋən riːziːkən bəhaftət,Plusquamperfekt,?,war -> ɪç siː also isch gsieh
77,ab,ap,1,0,1,10.0,6.7326,0.3448,,0.923003,9.9991,10.0,2,"greedy, ibm",hd+ipa,Sie hielten mich von der Rückkehr nach Argentinien ab.,ɪn halt ɪmiː fɾʏk ʁɛɾ nɔx aɾgɛdiːniː ap,ziː hiːltən mɪç fɔn dɛɾ rʏkeːɾ nɑːx aɾɡəntiːnɪən ap,Präteritum,1,
78,wurden,zɪnt,1,0,1,8.0,4.6837,0.2,,0.588771,7.7198,8.0,2,"greedy, ibm",hd+ipa,Allerdings wurden die Sicherheitsvorkehrungen verstärkt.,ɑlə dɪŋ zɪnt zɪçɑːts vɔːkɪːgə fɛɾstɛɾkkt vɔːdən,alɜdɪŋs vʊɐdən diː zɪçɜhaɪtsfoːɾkeːrʊŋən fɛɾʃtɛɾkt,Präteritum,0,wurden -> zɪnt vɔːdən also sind worde
79,budget,byːtʃə,1,0,1,7.0,7.5906,0.5,,0.646339,6.9774,7.0,2,"greedy, ibm",hd+ipa,Dadurch sind diese Kosten im Budget und in der Rechnung ausgewiesen.,dɔɾ tuːrə ziːn kœʃtə ɪn byːtʃə ʊnt diː dɛɾaɪçnɪk oːskvɪsə,dɑːdʊɐç zɪnt diːzə kɔstən ɪm bʊdɡət ʊnt ɪn dɛɾ rɛçnʊŋ aʊsɡəviːzən,Präsens,1,
80,beim,bɪm,1,0,1,6.0,6.6678,0.2308,,0.700745,5.9996,6.0,2,"greedy, ibm",hd+ipa,Dies ist beim Balänenweg der Fall.,ɑs ɪʃpɪm bɪm bɑl aɪnən vɛːktə fɑl,diːs ɪst baɪm balɛːnənveːk dɛɾ fal,Präsens,1,
81,gemacht,gmaxt,1,0,1,6.0,7.0463,0.4286,,0.439817,4.254,6.0,2,"greedy, ibm",hd+ipa,"Die Gemeinde besass das Vorkaufsrecht, welches geltend gemacht wurde.",gmaɪnt hɛɪts fɔːx aʊfzvɛçt pzɛsən vʊɐ zaʊ gɛldən gmaxt hɪnt,diː ɡəmaɪndə bəzas das foːɾkaʊfsrɛçt vɛlçəs ɡɛltənt ɡəmaxt vʊɐdə,Präteritum,1,
82,prozent,pɔtsɛnt,1,0,1,6.0,6.3238,0.1818,,0.532917,5.9993,6.0,2,"greedy, ibm",hd+ipa,"Im kommenden Jahr soll sie weiter auf 6,4 Prozent sinken.",ɪm nɛgʃtə jɑː zʊt ziːn nɔmɪ ɔf zɛxt kɔm ɪn fiːɾ pɔtsɛnt zɪnkə,ɪm kɔməndən jɑːɾ zɔl ziː vaɪtɜ aʊf zɛks fiːɾ pɾoːtsɛnt zɪŋkən,Präsens,1,
83,aarau,ɑːraʊ,1,0,1,5.0,7.6837,0.3333,,0.598502,4.9961,5.0,2,"greedy, ibm",hd+ipa,"Und das wollen wir in Aarau nicht, auch nicht in der Zwischensaison.",ʊnt ʊntɑs vømeːrɪn ɑːraʊ nøːt ɑːnøːtɪtɪ tə tsvɪʃɛzəzɑːn,ʊnt das vɔlən viːɾ ɪn ɑːraʊ nɪçt aʊx nɪçt ɪn dɛɾ tsvɪʃənzaɪzoːn,Präsens,1,
84,damit,mɪt,1,0,1,5.0,5.6271,0.1923,,0.359394,4.8439,5.0,2,"greedy, ibm",hd+ipa,Damit wurde wieder das hohe Niveau vom April erreicht.,dɑːdə mɪt ɪn ʃviːdɛs hoːxɛrniːvoː fɔm aːbɾiːləraɪçt vɔːdə,dɑːmɪt vʊɐdə viːdɜ das hoːə niːvoː fɔm apɾiːl ɛɾraɪçt,Präteritum,0,Damit -> dɑːdə mɪt
85,davon,foː,1,0,1,5.0,4.8681,0.2273,,0.401108,4.8782,5.0,2,"greedy, ibm",hd+ipa,Hier ist ein ganzer Band davon.,dɔɾ ɪʃən gantsə baʊnt də foː,hiːɾ ɪst aɪn ɡantsɜ bant dɑːfɔn,Präsens,0,də foː
86,dieses,deːm,1,0,1,5.0,3.7388,0.1515,,0.342895,3.8166,5.0,2,"greedy, ibm",hd+ipa,Die Fraktion der FDP lehnt darum die Überweisung dieses Postulats einstimmig ab.,zaxtsɪoːn fɾɛftə peːɾ lɛntɾʊm diː ʊbəviːsɪk fɔɾ deːm pɔɾ ʃtɛlɑːt aɪst ɪmɪgɑːp,diː fraktsjoːn dɛɾ ɛfdeːpeː leːnt dɑːrʊm diː yːbɜvaɪzʊŋ diːzəs pɔstuːlɑːts aɪnʃtɪmɪç ap,Präsens,1,
87,einem,ɪm,1,0,1,5.0,3.2401,0.1042,,0.466659,4.874,5.0,2,"greedy, ibm",hd+ipa,In einem Konflikt wären all ihre wunden Punkte sichtbar geworden.,ɪm nɛk kɔmflɪkt vɛɾət ɑːl ɪçə vʊndə pʊŋkt sɪçpaːl kvɔːdə,ɪn aɪnəm kɔnflɪkt vɛːrən al iːrə vʊndən pʊŋktə zɪçtbɑːɾ ɡəvɔɾdən,Präsens,0,
88,frau,fraʊ,1,0,1,5.0,8.5906,0.625,,0.545728,4.9815,5.0,2,"greedy, ibm",hd+ipa,Meine Frau hätte im Café sein können.,mɪni fraʊ hɪt kønən ɪm kafɪsiː,maɪnə fraʊ hɛtə ɪm kafeː zaɪn kœnən,Präsens,1,
89,jetzt,jɛtst,1,0,1,5.0,5.3427,0.1316,,0.282407,4.6966,5.0,2,"greedy, ibm",hd+ipa,Jetzt zum Projekt.,jɛtst ɔm pɾɔjɛkɾt,jɛtst tsʊm pɾoːjɛkt,Präsens,1,
90,machen,maxə,1,0,1,5.0,6.2687,0.25,,0.415149,4.5754,5.0,2,"greedy, ibm",hd+ipa,Und ich möchte auch kein Geheimnis daraus machen.,ʊn diː mɛçt aʊkhaɪs kɑlmɪs tɔs maxə,ʊnt ɪç mœçtə aʊx kaɪn ɡəhaɪmnɪs dɑːraʊs maxən,Präsens,1,
91,nie,niːɾ,1,0,1,5.0,7.1052,0.3571,,0.527374,4.9428,5.0,2,"greedy, ibm",hd+ipa,Aber er gab nie zweimal dasselbe Konzert.,ɛt hɛlt niːɾ tsvaɪmɪl sɛlbɪk kʊntsɛrt gɛl,ɑːbɜ ɛɾ ɡɑːp niː tsvaɪmɑːl daszɛlbə kɔntsɛɾt,Präteritum,1,
92,schnell,ʃnɛl,1,0,1,5.0,7.8681,0.4545,,0.661078,4.9954,5.0,2,"greedy, ibm",hd+ipa,Die Feuerwehr habe den Brand schnell unter Kontrolle gebracht.,fyːɾvɪɾ heːbɪdə bɾaɪmd ʃnɛl ʊntɜ gɾʊntɾɔlə pɔxt,diː fɔøɜveːɾ hɑːbə deːn bɾant ʃnɛl ʊntɜ kɔntɾɔlə ɡəbɾaxt,Perfekt,1,
93,schweiz,ʃviːts,1,0,1,5.0,7.2687,0.25,,0.354191,4.7813,5.0,2,"greedy, ibm",hd+ipa,Bei Pro Bahn Schweiz kennt man das Problem.,biː pɾoːbɑːn ʃviːts kɾɛmə ɛnz pɾoːbleːmən,baɪ pɾoː bɑːn ʃvaɪts kɛnt man das pɾoːbleːm,Präsens,1,
94,waren,zɪnt,1,0,1,5.0,5.1576,0.1852,,0.435358,4.6244,5.0,2,"greedy, ibm",hd+ipa,14 ähnliche Klagen waren bereits im September eingereicht worden.,fiːɾatsə ɛntlɪçə klɛgə zɪnt bəraɪt ziːm zɛptəndɛm bɔːiːkraɪçt vʊɐdən,fɪɾtseːn ɛːnlɪçə klɑːɡən vɑːrən bəraɪts ɪm zɛptɛmbɜ aɪnɡəraɪçt vɔɾdən,Präteritum,1,korrekt: Dialekt nutzt sind ... worden statt waren
95,weg,vɛk,1,0,1,5.0,7.8681,0.4545,,0.857297,4.9997,5.0,2,"greedy, ibm",hd+ipa,Das fällt im Internet weg.,dɛɾ faltiː mɪntɔm ɛtə vɛk,das fɛlt ɪm ɪntɜnɛt vɛk,Präsens,1,
96,wieder,viːdɛɾ,1,0,1,5.0,5.8572,0.1316,,0.392918,4.2884,5.0,2,"greedy, ibm",hd+ipa,Er habe in der Vergangenheit immer wieder andere Religionen beleidigt.,ɛɾ hɛltə fɛɾgɑŋəhaɪt iːmɔ viːdɛɾ andərə dɛɾ gɔnə pɛlɾətiːkt,ɛɾ hɑːbə ɪn dɛɾ fɛɾɡaŋənhaɪt ɪmɜ viːdɜ andərə reːlɪɡioːnən bəlaɪdɪçt,Präsens,1,
97,alle,alɪ,1,0,1,4.0,6.9467,0.16,,0.463015,3.8693,4.0,2,"greedy, ibm",hd+ipa,Doch der Zwischenfall endete nicht für alle glimpflich.,dɔxt tsuːʃɛfɑːl hɛnt nɪçfɪɾ alɪ glɪmtflɪç gɛndɛt,dɔx dɛɾ tsvɪʃənfal ɛndətə nɪçt fyːɾ alə ɡlɪmpflɪç,Präsens,1,
98,also,zoː,1,0,1,4.0,5.9612,0.2222,,0.394574,4.1737,4.0,2,"greedy, ibm",hd+ipa,Kann sie sich also schon unterhalten?,kɑsiːzɪç ɑːlt zoː ʃoː ʊndɛhaltə,kan ziː zɪç alzoː ʃoːn ʊntɜhaltən,Präsens,?,also -> ɑːlt zoː
99,bleiben,bliːbə,1,0,1,4.0,7.3052,0.3077,,0.61581,3.9811,4.0,2,"greedy, ibm",hd+ipa,Die parlamentarische Anfrage des BZÖ werde entsprechend unbeantwortet bleiben.,ɑːləməntɑːrɪʃiː ɑːfhɑːg fɔm beːtsət bɪl vɪɾd ɪnspɛçɪt ʊnt bɛɾandwɑːtə bliːbə,diː paɾlaməntɑrɪʃə anfrɑːɡə dɛs beːtsɛtøː vɛɾdə ɛntʃpɾɛçənt ʊnbəantvɔɾtət blaɪbən,Futur,1,
100,diesem,dɛm,1,0,1,4.0,3.5138,0.1111,,0.328154,3.3205,4.0,2,"greedy, ibm",hd+ipa,"Den Fraktionsberichten kann man entnehmen, dass diesem Budget alle Partien zustimmen können.",ɪn frɑktɪoːnt bɾɪçt kɑmɑːɾ ɪnt neː dɛm byːtʃɪ ɑːliː pɑːtaɪɛ tsuːɛʃtiːmə ɦœnd,deːn fraktsjoːnsbərɪçtən kan man ɛntneːmən das diːzəm bʊdɡət alə paɾtiːən tsuːʃtɪmən kœnən,Präsens,?,
101,durch,dɔx,1,0,1,4.0,6.2687,0.2,,0.435038,3.1935,4.0,2,"greedy, ibm",hd+ipa,Entlang der Winkelriedstrasse wurden die Parkplätze neu angeordnet und durch Bäume aufgewertet.,ɪntlaŋ deːvɪŋkərɛːt ʃraʃt zɪnt bɑːk daɪs nɔø jɑːgɔɾnət ʊnt dɔx bɔøm ʊffeːɾt tvɔɾtə,ɛntlaŋ dɛɾ vɪnkəlriːtstɾasə vʊɐdən diː paɾkplɛtsə nɔø anɡəɔɾdnət ʊnt dʊɐç bɔømə aʊfɡəvɛɾtət,Präteritum,1,
102,einmal,aɪmɑːl,1,0,1,4.0,7.7832,0.2857,,0.586373,3.9478,4.0,2,"greedy, ibm",hd+ipa,Einmal ging die Heizung nicht.,aɪmɑːl ɪst haɪtsɪg nɪç gɑŋ,aɪnmɑːl ɡɪŋ diː haɪtsʊŋ nɪçt,Präteritum,1,
103,fall,fal,1,0,1,4.0,7.4613,0.2857,,0.411059,3.6315,4.0,2,"greedy, ibm",hd+ipa,"Das ist nicht der Fall, wir werden mit der Abstimmungsanlage abstimmen.",das iː ʃnɛltə fal meːɾ vɛɾdə mɪç tɛɾ aɪpʃtɪmʊŋs halɑːk aɪpʃtɪmə,das ɪst nɪçt dɛɾ fal viːɾ vɛɾdən mɪt dɛɾ apʃtɪmʊŋsanlɑːɡə apʃtɪmən,Futur,1,
104,frage,frɑːk,1,0,1,4.0,7.5031,0.2353,,0.384226,3.9695,4.0,2,"greedy, ibm",hd+ipa,Bleibt die Frage nach einer privaten Trägerschaft der Museen.,dɛnt stɛlt zɪç nɔp frɑːk fɔn ɾɛpɾiːvɑːtɛt tɾɛgɛɾʃaːft fɔ deː muːsiːɛ,blaɪpt diː frɑːɡə nɑːx aɪnɜ pɾiːvɑːtən tɾɛːɡɜʃaft dɛɾ muːzeːən,Präsens,1,
105,jahre,jɔː,1,0,1,4.0,5.7451,0.1739,,0.590241,3.9642,4.0,2,"greedy, ibm",hd+ipa,Es gäbe sicher lohnenswerte Ziele für die nächsten Jahre.,ɛs gɛp sɪç loːnən tsvɛɾt diː tsiːl fyːɾ diː nɔɾstɛ jɔː,ɛs ɡɛːbə zɪçɜ loːnənsveːɾtə tsiːlə fyːɾ diː nɛçstən jɑːrə,Präsens,1,
106,letzten,lɛtʃtə,1,0,1,4.0,7.3427,0.2105,,0.48393,4.0,4.0,2,"greedy, ibm",hd+ipa,Die letzten fünf bis sechs Jahre waren geprägt von intensiven Budgetdebatten.,diː lɛtʃtə fyːf bɪsɛç ziːɑːr zɪm tɾɛksiː foːɪntəntsiːf fɛɾbiːtʃɛtə bɑːtə,diː lɛtstən fʏnf bɪs zɛks jɑːrə vɑːrən ɡəpɾɛːkt fɔn ɪntɛnziːvən bʊdɡɛtdeːbatən,Plusquamperfekt,1,
107,mal,mɔl,1,0,1,4.0,7.1812,0.2353,,0.600261,3.9998,4.0,2,"greedy, ibm",hd+ipa,Jedes Mal lief sie bisher damit auf.,jɛtəs mɔl laʊftsiʊt biːt ɛɾdə miːk duːf,jeːdəs mɑːl liːf ziː bɪsheːɾ dɑːmɪt aʊf,Präteritum,1,
108,menschen,mɛntʃɛ,1,0,1,4.0,7.1312,0.1818,,0.399913,3.8517,4.0,2,"greedy, ibm",hd+ipa,Die Menschen respektieren den Sport.,ɪn mɛntʃɛ ɾɛspɛktiːrət deː spɑːlt,diː mɛnʃən rɛspɛktiːrən deːn ʃpɔɾt,Präsens,1,
109,nichts,nyːd,1,0,1,4.0,7.3052,0.3077,,0.493994,3.9972,4.0,2,"greedy, ibm",hd+ipa,Nichts geändert haben die Japaner allerdings am Motor.,nyːd kɛndrɛt hɛnt jɑpɑːn ɑːlədɪŋ sɑːmɑːtoː,nɪçts ɡəɛndɜt hɑːbən diː japɑːnɜ alɜdɪŋs am moːtoːɾ,Perfekt,1,
110,nun,jɛtst,1,0,1,4.0,6.0592,0.1081,,0.292562,3.6713,4.0,2,"greedy, ibm",hd+ipa,Was wird nun aus euch?,vɑː v jɑp jɛtst u sɔːi,vas vɪɾt nuːn aʊs ɔøç,Futur,1,
111,trotzdem,dɛm,1,0,1,4.0,5.0828,0.2857,,0.411062,3.7112,4.0,2,"greedy, ibm",hd+ipa,In der Schweiz gibt es für mich trotzdem auch einen König.,aɪ dɛɾ ʃviːtskiːts fyːɾ mɪç trɔts dɛm aʊən kœnɪç,ɪn dɛɾ ʃvaɪts ɡiːpt ɛs fyːɾ mɪç tɾɔtsdeːm aʊx aɪnən køːnɪç,Präsens,0,trotzdem -> trɔts dɛm
112,worden,vɔɾdə,1,0,1,4.0,4.5878,0.1481,,0.456777,3.9857,4.0,2,"greedy, ibm",hd+ipa,Lukas Häusermann und Christian Oehler sind dafür bestimmt worden.,ɪnə lʊkɾas hɔɪzɑːmən ʊnt dɛɾ kɛʃtɪɑːn ɔlɔ zɪŋtə fyːɾ bɛʃtɪmt vɔɾdə,luːkɑːs hɔøzɜman ʊnt kɾɪstiːɑːn œhlɜ zɪnt dɑːfyːɾ bəʃtɪmt vɔɾdən,Präsens,1,
113,die,diː,0,1,1,,,,64.0,0.945889,154.5742,152.0,2,"positional, ibm",hd+ipa,Dagegen spricht nicht nur die lange Tradition der US-Autoindustrie.,dɛɾ gɛgɛɾ ʃpɪçmə nuːɾ diː laŋt dɑdɪtsoːn foːɾ dɛɾ uːɾs alpɪtɾoː ɪnduːɾstɾiː,daɡeːɡən ʃpɾɪçt nɪçt nuːɾ diː laŋə tɾɑdiːtsjoːn dɛɾ uːɛsaʊtoːɪndʊstɾiː,Präsens,1,
114,der,dɛɾ,0,1,1,,,,53.0,0.746164,107.1529,115.0,2,"positional, ibm",hd+ipa,Das Geld sei von der CS bereits ausbezahlt worden.,daɪkəltsɪk fɔr dɛɾ tseːrəs bəraɪts hʊstsaɪltpɔɾdən,das ɡɛlt zaɪ fɔn dɛɾ tseːɛs bəraɪts aʊsbətsɑːlt vɔɾdən,Präsens,1,
115,das,das,0,1,1,,,,29.0,0.382182,38.6704,37.0,2,"positional, ibm",hd+ipa,"Wo wollen wir sparen, um das Fest zu organisieren?",voːbɛːmoːʃpaɾɾə tsʊm das faɪçɔɾkaniːsiːɾə,voː vɔlən viːɾ ʃpɑːrən ʊm das fɛst tsuː ɔɾɡaniːziːrən,Präsens,1,
116,ist,ɪç,0,1,1,,,,26.0,0.343894,35.503,40.0,2,"positional, ibm",hd+ipa,Das ist geltendes Recht!,das ɪç gɛlt ɛntsrɛft,das ɪst ɡɛltəndəs rɛçt,Präsens,1,
117,in,ɪn,0,1,1,,,,21.0,0.924548,62.1786,68.0,2,"positional, ibm",hd+ipa,Cannabis ist in Bezug auf Psychose nicht ganz ohne.,kɑnɑpɪs ɪn bɪtsuːkɔf pɪsɪxɔsɛ nøk gants ɔnɪ,kanabɪs ɪst ɪn bətsuːk aʊf pzʏçoːzə nɪçt ɡants oːnə,Präsens,1,
118,den,dɛɾ,0,1,1,,,,18.0,0.801622,43.1288,41.0,2,"positional, ibm",hd+ipa,Sie werden sich sicher gut an den komplizierten Budgetprozess 2017 erinnern können.,ziːvɛɾdə tziːç zɪç zɪç kuːɾət aɪn dɛɾ kɔmplitsiːɾt byːtʃɛ pɔtsɛs tsvaɪt daʊzɪk ʊnt ziːbətseːrɛːrɪːnɛr kʏnən,ziː vɛɾdən zɪç zɪçɜ ɡuːt an deːn kɔmpliːtsiːɾtən bʊdɡɛtpɾoːtsɛs tsvaɪ taʊzənt ziːptseːn ɛɾɪnɜn kœnən,Futur,1,
119,ein,ɛs,0,1,1,,,,13.0,0.524334,24.2767,25.0,2,"positional, ibm",hd+ipa,Zudem bin ich bei SRF als Experte noch ein wenig dabei.,tsuːdɛn biniː biːɛsərɛf als ɛkspɛɾtɛ nɔɾ ɛs piːtslɪdɛbiː,tsuːdeːm bɪn ɪç baɪ ɛsɛrɛf als ɛkspɛɾtə nɔx aɪn veːnɪç dɑːbaɪ,Präsens,1,
120,diese,diː,0,1,1,,,,12.0,0.67844,23.9586,24.0,2,"positional, ibm",hd+ipa,Diese Privatperson hat sie anscheinend sogar vermietet.,diː pɾiːfɑːtpɪɾsoːn hɛtsɪ anʃiːnən tsʊgɑːfə miːɾtət,diːzə pɾiːvɑːtpɛɾzoːn hat ziː anʃaɪnənt zoːɡɑːɾ fɛɾmiːtət,Präsens,1,
121,deshalb,dɛs,0,1,1,,,,6.0,0.519161,6.3399,7.0,2,"positional, ibm",hd+ipa,Das iranische Aussenministerium bestellte deshalb den saudi-arabischen Botschafter ein.,siːraːnɪçə ʊsəmiːnɪçtəɾiːʊm hɪt dɾʊŋ dɛs aʊdɪɾaːpɪʃpɔtʃaɾ fɔɾ tɛlt ɛbʃtɛlt,das iːrɑnɪʃə aʊszɛnmiːnɪsteːriːʊm bəʃtɛltə dɛshalp deːn zaʊdiːarɑbɪʃən bɔtʃaftɜ aɪn,Präsens,0,deshalb -> dɾʊŋ
122,dieser,dɛɾ,0,1,1,,,,5.0,0.528281,8.8944,9.0,2,"positional, ibm",hd+ipa,Gleichzeitig wird die Pikettorganisation während dieser Zeit entlastet.,gliːxtsiːtɪg viːɾt piːkə aʊɐganiːzatsiːɔːn vɛɾɾɛt tɛrə tsiːt dɛɾ klaɪʃtət,ɡlaɪçtsaɪtɪç vɪɾt diː piːkɛtɔɾɡaniːzatsjoːn vɛːrənt diːzɜ tsaɪt ɛntlastət,Futur,0,dieser -> tɛrə
123,dem,deːm,0,1,1,,,,5.0,0.315204,8.0258,8.0,2,"positional, ibm",hd+ipa,Ursprünglich hätte sie auf dem Bild stehen sollen.,waɪ ʃpɾɪʊndɔx heːtsiː uːf deːm biːlə tsœlə ʃtoː,ʊɐʃpɾʏŋlɪç hɛtə ziː aʊf deːm bɪlt ʃteːən zɔlən,Präsens,1,
124,noch,nɔɾ,0,1,1,,,,5.0,0.352594,6.7944,7.0,2,"positional, ibm",hd+ipa,Zudem bin ich bei SRF als Experte noch ein wenig dabei.,tsuːdɛn biniː biːɛsərɛf als ɛkspɛɾtɛ nɔɾ ɛs piːtslɪdɛbiː,tsuːdeːm bɪn ɪç baɪ ɛsɛrɛf als ɛkspɛɾtə nɔx aɪn veːnɪç dɑːbaɪ,Präsens,1,
125,diesen,dɛɾ,0,1,1,,,,4.0,0.823189,8.4078,8.0,2,"positional, ibm",hd+ipa,"Und ich hoffe, dass wir diesen Brückenschlag  miteinander machen können.",ʊn diː hoːfə das miːɾ dɛɾ bɾɪçəɾʃlɑːg miːtən antɾøːnt vaxsə,ʊnt ɪç hɔfə das viːɾ diːzən bɾʏkənʃlɑːk mɪtaɪnandɜ maxən kœnən,Präsens,1,
126,aber,ɑːbɑː,0,1,1,,,,4.0,0.213802,5.6451,6.0,2,"positional, ibm",hd+ipa,Aber wir schauen einfach anders auf den Kapitalismus.,ɑːbɑː meːɾ nuːɛdə aɪvɑːx aɪmdɑːʃt ɔf deː kɑːpɪtɑːlɪsmʊs,ɑːbɜ viːɾ ʃaʊən aɪnfax andɜs aʊf deːn kɑpiːtalɪsmʊs,Präsens,1,
127,ihn,ɪn,0,1,1,,,,4.0,0.469502,4.5636,6.0,2,"positional, ibm",hd+ipa,Trotzdem kennen ihn die wenigsten.,dɾɔtsdɛm kɛnəd ɪn diː vaɪnɪgʃtə,tɾɔtsdeːm kɛnən iːn diː veːnɪçstən,Präsens,1,
128,man,mɛ,0,1,1,,,,4.0,0.271878,3.9322,4.0,2,"positional, ibm",hd+ipa,Man muss da auf beiden Seiten ehrlich sein.,mɛ muːɛs dɑːl ʊfpaɪt deːzid tə eːɪɑːlɪx ziː,man mʊs dɑː aʊf baɪdən zaɪtən eːɾlɪç zaɪn,Präsens,1,
129,sein,ziː,0,1,1,,,,3.0,0.529692,6.7738,7.0,2,"positional, ibm",hd+ipa,Man muss da auf beiden Seiten ehrlich sein.,mɛ muːɛs dɑːl ʊfpaɪt deːzid tə eːɪɑːlɪx ziː,man mʊs dɑː aʊf baɪdən zaɪtən eːɾlɪç zaɪn,Präsens,1,
130,einen,ɪn,0,1,1,,,,3.0,0.463646,4.6991,6.0,2,"positional, ibm",hd+ipa,"Für diesen Verband, einen grossen Gewinn, mit positiven Folgen auch für dich.",fœltɛɾ fɛɾpant ɪnzəs ɪn gɾɑːsək vʏn mɪt pɔsɪtɪfə foːlgə aʊfə diː,fyːɾ diːzən fɛɾbant aɪnən ɡɾɔsən ɡəvɪn mɪt poːziːtiːvən fɔlɡən aʊx fyːɾ dɪç,Präsens,1,stimmt
131,dies,das,0,1,1,,,,3.0,0.211042,3.1102,4.0,2,"positional, ibm",hd+ipa,Ist dies als Kritik zu verstehen?,bɪçt das das kɾɪptɪçts fɛɾʃtɑɾ,ɪst diːs als kɾiːtiːk tsuː fɛɾʃteːən,Präsens,1,
132,diese,diːɾ,1,0,0,12.0,3.6451,0.1379,,,,,1,greedy,hd+ipa,Diese Zahl war bereits vor einer Woche übertroffen worden.,diːɾ tsaɾl ɪnzbəraɪts vɑːn dɛɾ rʊxərbətɾɑːfəvɑːtə,diːzə tsɑːl vɑːɾ bəraɪts fɔɾ aɪnɜ vɔxə yːbɜtɾɔfən vɔɾdən,Präteritum,1,
133,wurde,ɪç,1,0,0,9.0,2.5263,0.1233,,,,,1,greedy,hd+ipa,Ein weiterer Mann wurde im Rahmen einer Fahndung identifiziert und gestellt.,ɛn vɪktərə mɑːɾ ɪç ɪm rɑːmə fɔnɔxfɑːndɪç iːdɛntifiːɾt ʊntgʃtɛlt vɔɾdə,aɪn vaɪtərɜ man vʊɐdə ɪm rɑːmən aɪnɜ fɑːndʊŋ iːdəntiːfiːtsiːɾt ʊnt ɡəʃtɛlt,Präteritum,0,wurde -> ɪç vɔɾdə
134,konnte,kœnə,1,0,0,4.0,7.0987,0.2667,,,,,1,greedy,hd+ipa,Man konnte auf anderweitige Erfahrungen zurückgreifen.,meː hɛːd ɔf andərʋiːtɪgə ɛvaɪgə kœnə tsɾʊç gɾɛːfər,man kɔntə aʊf andɜvaɪtɪɡə ɛɾfɑːrʊŋən tsuːrʏkɡɾaɪfən,Präteritum,?,konnte -> hɛːd kœnə
135,aus,aʊs,0,1,0,,,,9.0,,,,1,positional,hd+ipa,Seine Grossmutter brach darauf in Tränen aus.,tsiːnə groːsmɔːtɛːɾ ɪst daɪɾdɾɔf ɪn tɾɛnən aʊs bɾɔxən,zaɪnə ɡɾɔsmʊtɜ bɾax dɑːraʊf ɪn tɾɛːnən aʊs,Präsens,1,
136,mit,miːt,0,1,0,,,,8.0,,,,1,positional,hd+ipa,"Dieses wird, soweit notwendig, mit den Nutzerinnen und Nutzern abgestimmt.",baːsviːɾt zoːviː noːtvɛntɪk miːt deːnʊtsərɛɲə uːɾdnʊtsɔ apʃtɪŋkt,diːzəs vɪɾt zoːvaɪt noːtvɛndɪç mɪt deːn nʊtseːrɪnən ʊnt nʊtsɜn apɡəʃtɪmt,Futur,1,
137,nicht,nøːt,0,1,0,,,,7.0,,,,1,positional,hd+ipa,"Und das wollen wir in Aarau nicht, auch nicht in der Zwischensaison.",ʊnt ʊntɑs vømeːrɪn ɑːraʊ nøːt ɑːnøːtɪtɪ tə tsvɪʃɛzəzɑːn,ʊnt das vɔlən viːɾ ɪn ɑːraʊ nɪçt aʊx nɪçt ɪn dɛɾ tsvɪʃənzaɪzoːn,Präsens,1,
138,auf,ʊf,0,1,0,,,,5.0,,,,1,positional,hd+ipa,Wer sitzt auf der Piste schon gerne hinten?,vɛɾ siːz ʊf deː biːʃtə ʃʊgɛɾn hiːnə,veːɾ zɪtst aʊf dɛɾ pɪstə ʃoːn ɡɛɾnə hɪntən,Präsens,1,
139,eine,ɛs,0,1,0,,,,4.0,,,,1,positional,hd+ipa,Es ist eine saubere Sache und nicht anders als bei anderen Projektverfahren.,ɛs ʒeːsuːbɾiːzɑːx ɔn neːdɑːndɛɾʃt als biɑːgəndɛrə pɔjɛkt fɛrfɑːrə,ɛsɪst aɪnə zaʊbərə zaxə ʊnt nɪçt andɜs als baɪ andərən pɾoːjɛktfɛɾfɑːrən,Präsens,0,
140,jetzt,ɪt,0,1,0,,,,4.0,,,,1,positional,hd+ipa,Jetzt fühle ich mich bereit für eine Beziehung.,ɪt fyːlɪç nɪçt bəraɪt fyːrə bətsiːɾlk,jɛtst fyːlə ɪç mɪç bəraɪt fyːɾ aɪnə bətsiːʊŋ,Präsens,1,
141,nun,jɛts,0,1,0,,,,4.0,,,,1,positional,hd+ipa,Nun ziehen aber rund um die Vereinbarung dunkle Wolken auf.,jɛts tsɪçə dɑbərʊnt ʊnt fyːiːvɑːrɪçt dʊŋ kɛləvɔl kənuf,nuːn tsiːən ɑːbɜ rʊnt ʊm diː fɛɾaɪnbɑrʊŋ dʊŋklə vɔlkən aʊf,Präsens,1,
142,von,fɔ,0,1,0,,,,4.0,,,,1,positional,hd+ipa,Viele Patienten nehmen ganz selbstverständlich beide Arten von Medizin in Anspruch.,fiːf patsɛntən nɛmə gantsəlf fɔɾʃtɛtɪçtɔç baɪtɪ ɑːtɛn fɔ meːdɪtsiːnɪ ɑːɾʃpɔx,fiːlə patsjɛntən neːmən ɡants zɛlpstfɛɾʃtɛntlɪç baɪdə ɑːɾtən fɔn meːdiːtsiːn ɪn anʃpɾʊx,Präsens,1,
143,alle,ɑːli,0,1,0,,,,3.0,,,,1,positional,hd+ipa,Sie hat alle Büromöbel mitgenommen und hat sich an der Landstrasse eingerichtet.,ziː haɪt ɑːli byːrəm øːbəl miːdknoː ʊnt hɛt zɪç aɪn dɛɾ lant stɔː ziːgɾɪçtət,ziː hat alə byːroːmøːbəl mɪtɡənɔmən ʊnt hat zɪç an dɛɾ lantʃtɾasə aɪnɡərɪçtət,Präsens,1,
144,dabei,dɛɾ,0,1,0,,,,3.0,,,,1,positional,hd+ipa,Dabei sind wir zu keinem vernünftigen Schluss gekommen.,dɛɾ biː zimə tsuː kaɪn fɔnœftɪgə ʃluːs koː,dɑːbaɪ zɪnt viːɾ tsuː kaɪnəm fɛɾnʏnftɪɡən ʃlʊs ɡəkɔmən,Perfekt,0,Dabei -> dɛɾ bi
145,danach,nɔx,0,1,0,,,,3.0,,,,1,positional,hd+ipa,Danach muss der Mazda etwa sieben Stunden lang an die Steckdose.,nɔx tɛm moːdɛmatsɪtɛ ʏpə ziːbə ʃtʊntlɛŋ ɑːtstɪkt oːzə,danax mʊs dɛɾ matsdɑː ɛtvɑː ziːbən ʃtʊndən laŋ an diː ʃtɛkdoːzə,Präsens,1,
146,dieses,das,0,1,0,,,,3.0,,,,1,positional,hd+ipa,Sie hat die Zusammenarbeit für dieses Projekt mit den Gemeinden gesucht.,ɪn hɛt zlɛmə ɑːbɛlt fyːɾ das bɾɛkçt miː deːk maɪnɪnzgzuːxt,ziː hat diː tsuːzamənaɾbaɪt fyːɾ diːzəs pɾoːjɛkt mɪt deːn ɡəmaɪndən ɡəzuːxt,Perfekt,,
147,du,du,0,1,0,,,,3.0,,,,1,positional,hd+ipa,Du wirst wieder und wieder fragen müssen.,du viːɾ ɔʃviːtɛ ɔn bitɛɾ fɔɾgəmɪsə,duː vɪɾst viːdɜ ʊnt viːdɜ frɑːɡən mʏsən,Futur,1,
148,einem,mɪt,0,1,0,,,,3.0,,,,1,positional,hd+ipa,Glücklich verzog sie sich mit einem Buch unter ihre Bettdecke.,glyːglɪç heːd ziːç mɪt deːm meːbʊɐç ʊntɔbeːtɛk hiːv fɔtsɑːgən,ɡlʏklɪç fɛɾtsoːk ziː zɪç mɪt aɪnəm buːx ʊntɜ iːrə bɛtdɛkə,Präsens,,
149,finde,fɪnt,0,1,0,,,,3.0,,,,1,positional,hd+ipa,Ich finde das aber falsch.,ɪç fɪnt dɑː ɑːbɛɾfalʃ,ɪç fɪndə das ɑːbɜ falʃ,Präsens,1,
150,gemeinderat,dɛɾ,0,1,0,,,,3.0,,,,1,positional,hd+ipa,"Ich bitte, den Gemeinderat den Grund zu erläutern.",ɪl bitətə deːr ɪnmaɪndɾɔːt dɛɾ gɾʊntsɛɾ lyːktɛrəvɛ,ɪç bɪtə deːn ɡəmaɪndeːrɑːt deːn ɡɾʊnt tsuː ɛɾlɔøtɜn,Präsens,0,gemeinderat -> ɪnmaɪndɾɔːt
151,keinen,kaɪn,0,1,0,,,,3.0,,,,1,positional,hd+ipa,Es gibt jedoch keinen Grund mit der Umsetzung dringender Massnahmen zuzuwarten.,ɛs giːt jeːdaʊx kaɪn gʊnt miː deːm ʊmsɛtsɪç fɔrdɾɪŋənə mɑːsnɑːmə tsʊːrɛts vɑːɾtə,ɛs ɡiːpt jeːdɔx kaɪnən ɡɾʊnt mɪt dɛɾ ʊmzɛtsʊŋ dɾɪŋəndɜ masnɑːmən tsuːtsuːvaɾtən,Präsens,1,
152,können,dɛɾ,0,1,0,,,,3.0,,,,1,positional,hd+ipa,Sie werden sich sicher gut an den komplizierten Budgetprozess 2017 erinnern können.,ziːvɛɾdə tziːç zɪç zɪç kuːɾət aɪn dɛɾ kɔmplitsiːɾt byːtʃɛ pɔtsɛs tsvaɪt daʊzɪk ʊnt ziːbətseːrɛːrɪːnɛr kʏnən,ziː vɛɾdən zɪç zɪçɜ ɡuːt an deːn kɔmpliːtsiːɾtən bʊdɡɛtpɾoːtsɛs tsvaɪ taʊzənt ziːptseːn ɛɾɪnɜn kœnən,Futur,,
153,könnten,kœntə,0,1,0,,,,3.0,,,,1,positional,hd+ipa,So könnten wir die verschiedenen Szenarien vorbereiten.,soːx kœntə miːɾ diː fɪʃiːdən ɛstsənɑːɾiː fɑːbəraɪtə,zoː kœntən viːɾ diː fɛɾʃiːdənən stseːnɑriːən foːɾbəraɪtən,Präsens,1,
154,millionen,miːliːoːnə,0,1,0,,,,3.0,,,,1,positional,hd+ipa,"In der Kasse befinden sich derzeit noch 1,3 Millionen.",ɪtə kɾɑsə bəfɛndə tsiːx riːtst noː haɪs kɑmətrø miːliːoːnə,ɪn dɛɾ kasə bəfɪndən zɪç dɛɾtsaɪt nɔx aɪns dɾaɪ mɪljoːnən,Präsens,1,
155,allem,diː,0,1,0,,,,2.0,,,,1,positional,hd+ipa,Profitieren würden vor allem die Reichen.,pəroːfɪtɪrən viːɾɾtət vərɑːləm diː riːɣə,pɾoːfiːtiːrən vʏɾdən fɔɾ aləm diː raɪçən,Präsens,,
156,also,ɑːlsə,0,1,0,,,,2.0,,,,1,positional,hd+ipa,Also sind Konzerte an dieser Lage nicht geeignet.,ɑːlsə ziːn kɔnzɛɾt dɛɾ ɛɾalaɪbənə gaɪgəmət,alzoː zɪnt kɔntsɛɾtə an diːzɜ lɑːɡə nɪçt ɡəaɪɡnət,Perfekt,1,
157,an,aɪdə,0,1,0,,,,2.0,,,,1,positional,hd+ipa,An den Häfen drohten Chaos und Staus.,aɪdə hɛfə hɪnkaʊz ʃtaʊstɾʊt,an deːn hɛːfən dɾoːtən ʃɑoːs ʊnt ʃtaʊs,Präsens,,
158,anderer,andərə,0,1,0,,,,2.0,,,,1,positional,hd+ipa,Ohne den Support anderer Kantone sind sämtliche Bestrebungen chancenlos.,oːniːdɛs uːpɔɾt foː andərə kɾantəln zɪndaliːaɾʃtɾɛŋiːgɛ ʃɔnsoːloːs,oːnə deːn zʊpɔɾt andərɜ kantoːnə zɪnt zɛmtlɪçə bəʃtɾeːbʊŋən ʃɑ̃sənloːs,Präsens,,
159,antrag,ɑːtɾɑːk,0,1,0,,,,2.0,,,,1,positional,hd+ipa,"Wir haben uns entschieden, den Antrag bezüglich der Grünflächenziffer zurückzuziehen.",meːr hɪndyːz ɪmtsʃiːtɛdə ɑːtɾɑːk bɪtsyːglɪçtə gɾyːrlɛçətsiːfərə tsʊktstsiːɾ,viːɾ hɑːbən ʊns ɛntʃiːdən deːn antɾɑːk bətsyːklɪç dɛɾ ɡɾʏnflɛçɛntsɪfɜ tsuːrʏktsuːtsiːən,Präsens,,
160,anträge,dɛɾ,0,1,0,,,,2.0,,,,1,positional,hd+ipa,Abschliessend unterstützt die SP auch die Anträge der FGPK.,abʃlyːsənt ʊndɛst diːts dɛsbɪː aʊtɑːdɾɛk fɔn dɛɾ ɛfgɛp kɑː,apʃliːsənt ʊntɜʃtʏtst diː ɛspeː aʊx diː antɾɛːɡə dɛɾ ɛfɡeːpeːkɑː,Präsens,,
161,audi,aʊdiː,0,1,0,,,,2.0,,,,1,positional,hd+ipa,Audi will die Technik beim neuen A8 zum Standard machen.,aʊdiː vɪltɪɾ tɛxnɪç bɪm nɔøə ɑːɾɑːx tsʊm ʃtandɜ maxə,aʊdiː vɪl diː tɛçnɪk baɪm nɔøən ɑː axt tsʊm ʃtandaɾt maxən,Präsens,,
162,beispielsweise,viːs,0,1,0,,,,2.0,,,,1,positional,hd+ipa,Sie würde beispielsweise an Joseph Goebbels erinnern.,ɪn yːɾt biːʃpɪls viːs ɑn jɔs ɛv kœbɛts ɛɾɛnərə,ziː vʏɾdə baɪʃpiːlsvaɪzə an joːzeːf ɡœbəls ɛɾɪnɜn,Präsens,,
163,besonders,pzʊndəs,0,1,0,,,,2.0,,,,1,positional,hd+ipa,Besonders hart betroffen ist Deutschland.,pzʊndəs hɑːt bətɾɑːffɛɾ ɪn stɪtʃlənt,bəzɔndɜs haɾt bətɾɔfən ɪst dɔøtʃlant,Präsens,,
164,bisher,piːz,0,1,0,,,,2.0,,,,1,positional,hd+ipa,Doch dies geschah bisher nicht.,dɑːx dɑː ɪʃ piːz jɛts nɪp pasiːɾd,dɔx diːs ɡəʃɑː bɪsheːɾ nɪçt,Präsens,,
165,bundesrat,bʊndəs,0,1,0,,,,2.0,,,,1,positional,hd+ipa,Der Bundesrat lehnt ein solches Verbot ab.,ɪtə bʊndəs rɔɾt leːnt ɛs vøːtlɪks fɛɾbɔɾt ap,dɛɾ bʊndəsrɑːt leːnt aɪn zɔlçəs fɛɾboːt ap,Präsens,,
166,da,dɑːx,0,1,0,,,,2.0,,,,1,positional,hd+ipa,Da kann man nicht in der Jugendherberge absteigen.,dɑːx hɑːmɑːnøt iːl iːl iːʊkən tɑːjɑːpɑːr kɑːp ɑːpʃtiːkə,dɑː kan man nɪçt ɪn dɛɾ juːɡənthɜbɛɾɡə apʃtaɪɡən,Präsens,,
167,damals,dɛɾ,0,1,0,,,,2.0,,,,1,positional,hd+ipa,Die EU-Kommission lehnte damals die geforderte Summe ab.,deːoːkɾʊmɪsoːn hɛl damɛɾɛs dɛɾ kfɔɾdɜtsʊmɛ aɾplɪnt,diː eːuːkɔmɪsjoːn leːntə dɑmɑːls diː ɡəfɔɾdɜtə zʊmə ap,Präsens,,
168,darf,dɛɾ,0,1,0,,,,2.0,,,,1,positional,hd+ipa,Darf ich meine Freundin darauf ansprechen?,dɛɾ fiːn vɪnɪfʊldɪn ɔf dɑː ɑːr spɛçə,daɾf ɪç maɪnə frɔøndɪn dɑːraʊf anʃpɾɛçən,Präsens,,
169,davon,fɔr,0,1,0,,,,2.0,,,,1,positional,hd+ipa,Als Folge davon könne er weder Mitleid noch Gefühle entwickeln.,ɑz fʊlk fɔr dɛm kɔn jɛɾ vɪɾ dɛmɪdlɛɪdən ɑp fyːlɪnt viːklə,als fɔlɡə dɑːfɔn kœnə ɛɾ veːdɜ mɪtlaɪt nɔx ɡəfyːlə ɛntvɪkəln,Präsens,,
170,denn,aɪn,0,1,0,,,,2.0,,,,1,positional,hd+ipa,Muss man denn wirklich am Sonntag einkaufen gehen?,møːs ʊn aɪn vøːçləm zɔntə giːrə haʊfə gaʊ,mʊs man dɛn vɪɾklɪç am zɔntɑːk aɪnkaʊfən ɡeːən,Präsens,,
171,diesem,deːm,0,1,0,,,,2.0,,,,1,positional,hd+ipa,Aus diesem Grund rechtfertigt sich ein frühzeitiger Start der Planungsarbeiten.,aʊs deːm gɾʊndərɛxt fɛɾtɪgə tsɪçən frøtsɪtɪgə stɑːt fɔr deː blɑːnɪksaɾbaɪtɛɾ,aʊs diːzəm ɡɾʊnt rɛçtfɛɾtɪçt zɪç aɪn fryːtsaɪtɪɡɜ ʃtaɾt dɛɾ plɑnʊŋsaɾbaɪtən,Präsens,,
172,einfach,aɪvɑːx,0,1,0,,,,2.0,,,,1,positional,hd+ipa,Aber wir schauen einfach anders auf den Kapitalismus.,ɑːbɑː meːɾ nuːɛdə aɪvɑːx aɪmdɑːʃt ɔf deː kɑːpɪtɑːlɪsmʊs,ɑːbɜ viːɾ ʃaʊən aɪnfax andɜs aʊf deːn kɑpiːtalɪsmʊs,Präsens,,
173,eingehalten,iː,0,1,0,,,,2.0,,,,1,positional,hd+ipa,"Es ist eine Selbstverständlich, dass diese eingehalten wird.",ɛs ɪç zɛp fɔɾʃtɛndlɔç das dɑː iː kɑːltɛrviːɾt,ɛsɪst aɪnə zɛlpstfɛɾʃtɛntlɪç das diːzə aɪnɡəhaltən vɪɾt,Futur,,
174,eingereicht,iːgɾaɪçt,0,1,0,,,,2.0,,,,1,positional,hd+ipa,Dafür müsste eine separate Motion eingereicht werden.,fyːɾ das miːɾ deːsəpərɑːtə ɪmoːtsiːoːn iːgɾaɪçt vɛɾdə,dɑːfyːɾ mʏstə aɪnə zeːparɑːtə moːtsjoːn aɪnɡəraɪçt vɛɾdən,Futur,,
175,entweder,ɛnt,0,1,0,,,,2.0,,,,1,positional,hd+ipa,Entweder der Demokrat oder der Republikaner gewinnt.,ɛnt ɛnt ɛn dɛmɔk ɾɑːtəl dɛɾ ɾɪboːklɪk ɣɑːn ɔk kwyːnt,ɛntveːdɜ dɛɾ deːmoːkɾɑːt oːdɜ dɛɾ reːpuːbliːkɑːnɜ ɡəvɪnt,Präsens,,
176,etwas,øːpɪs,0,1,0,,,,2.0,,,,1,positional,hd+ipa,Darum hat sich die Olympiasiegerin etwas ungewöhnliches einfallen lassen.,dɑːrʊm hɛt zɪçt doː lɪmpɪɑːsiːgərɪn øːpɪs ʊkvʏːndlɑːs iːfɑːləloː,dɑːrʊm hat zɪç diː oːlʏmpiːaziːɡərɪn ɛtvɑːs ʊnɡəvøːnlɪçəs aɪnfalən lasən,Präsens,,
177,fdp,peː,0,1,0,,,,2.0,,,,1,positional,hd+ipa,Die FDP setzt sich für Fortschritte ein.,ɛftə peː sɛtst tɪç fyːɾ fɔːɾtʃriːtiː,diː ɛfdeːpeː zɛtst zɪç fyːɾ fɔɾtʃrɪtə aɪn,Präsens,,
178,fragen,frɑːgən,0,1,0,,,,2.0,,,,1,positional,hd+ipa,Solche Fragen kommen dann später zum Zuge.,zøtɪgɪ frɑːgən kœʁmɛtɪnt ʃpɾœtɔts ʊtsʊm tsʊːk,zɔlçə frɑːɡən kɔmən dan ʃpɛːtɜ tsʊm tsuːɡə,Präsens,,
179,fraktion,fraktsɪoːn,0,1,0,,,,2.0,,,,1,positional,hd+ipa,Die Einführung einer neuen Steuer bereitet der Fraktion GLP nicht wirklich Freude.,diː fyːrɪk fɔn rɛnɔiː ʃtyːɾ maxt dɛɾ fraktsɪoːn gɛlpɛɪ nɪt vyːɾkɛçfɔøːt,diː aɪnfyːrʊŋ aɪnɜ nɔøən ʃtɔøɜ bəraɪtət dɛɾ fraktsjoːn ɡeːɛlpeː nɪçt vɪɾklɪç frɔødə,Präsens,,
180,fünf,fyːf,0,1,0,,,,2.0,,,,1,positional,hd+ipa,Die letzten fünf bis sechs Jahre waren geprägt von intensiven Budgetdebatten.,diː lɛtʃtə fyːf bɪsɛç ziːɑːr zɪm tɾɛksiː foːɪntəntsiːf fɛɾbiːtʃɛtə bɑːtə,diː lɛtstən fʏnf bɪs zɛks jɑːrə vɑːrən ɡəpɾɛːkt fɔn ɪntɛnziːvən bʊdɡɛtdeːbatən,Plusquamperfekt,,
181,geht,kɔt,0,1,0,,,,2.0,,,,1,positional,hd+ipa,Die Entwicklung geht leider in diese Richtung.,dɛnt vɪklɛn kɔt laɪdɛrɪdɛ rɪçtɪk,diː ɛntvɪklʊŋ ɡeːt laɪdɜ ɪn diːzə rɪçtʊŋ,Präsens,,
182,habe,hɛt,0,1,0,,,,2.0,,,,1,positional,hd+ipa,Schliesslich habe man ja eine Vorbildfunktion für die Jungen.,ʃliːɾsdə hɛt maɪ jɑːɾ fɑːbɪkt fʊŋktsɪɔːn fyːɾ diː jʊmbən,ʃliːslɪç hɑːbə man jɑː aɪnə foːɾbɪltfʊŋktsjoːn fyːɾ diː jʊŋən,Präsens,,
183,heisst,haɪst,0,1,0,,,,2.0,,,,1,positional,hd+ipa,Bag 2 Go heisst das Resultat.,bæk tə goʊ haɪst æz ɹɪzəl dɑt,bɑːk tsvaɪ ɡoː haɪst das reːzʊltɑːt,Präsens,,
184,herbst,hɛɾpʃt,0,1,0,,,,2.0,,,,1,positional,hd+ipa,Da ist bereits der Herbst eine Zeit intensiver Gerüche.,ɪt ɪz bəraɪts dɛɾ hɛɾpʃt aɪt tseːt fɔ ɪntɛntsivə gɾʏç,dɑː ɪst bəraɪts dɛɾ hɛɾpst aɪnə tsaɪt ɪntɛnziːvɜ ɡərʏçə,Präsens,,
185,hier,dɔː,0,1,0,,,,2.0,,,,1,positional,hd+ipa,Auch hier enttäuschen die Erfahrungen aus Luzern.,aʊ dɔː ɪn dyːzə dɛɾ faɾɪgɛ ʊslʊpt tsaɪɾn,aʊx hiːɾ ɛnttɔøʃən diː ɛɾfɑːrʊŋən aʊs luːtsɜn,Präsens,,
186,hoffe,hoːfə,0,1,0,,,,2.0,,,,1,positional,hd+ipa,"Und ich hoffe, dass wir diesen Brückenschlag  miteinander machen können.",ʊn diː hoːfə das miːɾ dɛɾ bɾɪçəɾʃlɑːg miːtən antɾøːnt vaxsə,ʊnt ɪç hɔfə das viːɾ diːzən bɾʏkənʃlɑːk mɪtaɪnandɜ maxən kœnən,Präsens,,
187,hätte,hɪt,0,1,0,,,,2.0,,,,1,positional,hd+ipa,Meine Frau hätte im Café sein können.,mɪni fraʊ hɪt kønən ɪm kafɪsiː,maɪnə fraʊ hɛtə ɪm kafeː zaɪn kœnən,Präsens,,
188,ihnen,ɪnə,0,1,0,,,,2.0,,,,1,positional,hd+ipa,Dafür wird ihnen jeder Wunsch von den Augen abgelesen.,ɪnə fyːɾɪɾ viːɾ diːnə jeːdə vʊnt fʊɐ dɛɾ aʊgənaːbglɛsə,dɑːfyːɾ vɪɾt iːnən jeːdɜ vʊnʃ fɔn deːn aʊɡən apɡəleːzən,Futur,,
189,inzwischen,ɪn,0,1,0,,,,2.0,,,,1,positional,hd+ipa,Inzwischen steht die Welt für mich Kopf.,ɪn dɛɾ tsvɪʃə tsɛɾt stɑːt dvɛl fɛɾ mɪç gɾapf,ɪntsvɪʃən ʃteːt diː vɛlt fyːɾ mɪç kɔpf,Präsens,,
190,irgendwie,viːɾ,0,1,0,,,,2.0,,,,1,positional,hd+ipa,Sie wirken irgendwie fehl am Platz.,tsiː viːɾkɾətiːrəkən viːɾ fɛləm blats,ziː vɪɾkən ɪɾɡəndviː feːl am plats,Präsens,,
191,knowhow,noʊ,0,1,0,,,,2.0,,,,1,positional,hd+ipa,Dieses Know-how fliesst auch in die Smartphones der Hersteller ein.,aɪl noʊ hɑfliːsɛlb ɪts nɑɹts foʊndz fʊɐ dɛɹ hɛɹ ʃtɛlə iː,diːzəs knoːvhoːf fliːst aʊx ɪn diː smaɾtfoːnəs dɛɾ hɛɾʃtɛlɜ aɪn,Präsens,,
192,kommt,xʊnt,0,1,0,,,,2.0,,,,1,positional,hd+ipa,Es kommt im Moment einiges auf die Kreisschule zu.,ɛs xʊnt ɪməmɪnt aɪnɪç dɛs ʊf kɑːɪs ʃɔl tsuːə,ɛs kɔmt ɪm moːmɛnt aɪnɪɡəs aʊf diː kɾaɪsçuːlə tsuː,Präsens,,
193,liegen,liːkət,0,1,0,,,,2.0,,,,1,positional,hd+ipa,Es liegen zwei beantwortete Anfragen vor.,ɛs liːkət tsvaɪ beː anpɔɾptɪ aːfrɔgə fɔl,ɛs liːɡən tsvaɪ bəantvɔɾtətə anfrɑːɡən fɔɾ,Präsens,,
194,mein,mɪn,0,1,0,,,,2.0,,,,1,positional,hd+ipa,Mein Name ist Martin Bahnmüller.,mɪn nɑmə ɪtʃmɑːt deːn ban mɛndɔː,maɪn nɑːmə ɪst maɾtɪn bɑːnmʏlɜ,Präsens,,
195,meinung,dɛs,0,1,0,,,,2.0,,,,1,positional,hd+ipa,"Wir sind der Meinung, dass das zu einer etwas kleindlichen Krämerei führt.",meːɾ zɪŋtə maɪnɪk dɛs zɑz zoːnɛrɪçliːnlɪçərkɾɛmɪraɪ fyːɾt,viːɾ zɪnt dɛɾ maɪnʊŋ das das tsuː aɪnɜ ɛtvɑːs klaɪntlɪçən kɾɛːmeːraɪ fyːɾt,Präsens,,
196,meisten,maɪʃtə,0,1,0,,,,2.0,,,,1,positional,hd+ipa,Die meisten Misshandlungen bleiben unbemerkt.,diː maɪʃtə mɪs handlɪgə bliːbət ʊmbəmɛːɾkt,diː maɪstən mɪshandlʊŋən blaɪbən ʊnbəmɛɾkt,Präsens,,
197,momentan,mɔmɪn,0,1,0,,,,2.0,,,,1,positional,hd+ipa,Momentan bewegen wir uns bei geplanten 13.9 Mio. Franken für 2019.,mɔmɪn tɑːn pɛɾvɪkətn lɛrɔøs diː blaːm dɛɾ dɾiːtsə kɔmən nyːm miːliːoːnə frankɛɾ fyːɾtsvaɪdoː ziːgɔnyːntsə,moːməntɑːn bəveːɡən viːɾ ʊns baɪ ɡəplantən dɾaɪtseːn nɔøn mɪoː fraŋkən fyːɾ tsvaɪ taʊzənt nɔøntseːn,Präsens,,
198,muss,muːɾ,0,1,0,,,,2.0,,,,1,positional,hd+ipa,Jetzt muss sie bei ihrer Schwester auf dem Sofa übernachten.,jɛtst muːɾ siː biː iːrɔ ʃvøːʃtɔp ɔfən soːfɛɾ ʏbɾnaxtə,jɛtst mʊs ziː baɪ iːrɜ ʃvɛstɜ aʊf deːm zoːfɑː yːbɜnaxtən,Präsens,,
199,möglichkeit,kaɪt,0,1,0,,,,2.0,,,,1,positional,hd+ipa,Die beste Möglichkeit hatte zuvor Lausanne gehabt.,ɪbə ʃmɪlɪç kaɪt hɛt tsuːfoːɾloːzɑŋ kɑm,diː bɛstə møːklɪçkaɪt hatə tsuːfɔɾ laʊzanə ɡəhɑːpt,Plusquamperfekt,,
200,platz,blats,0,1,0,,,,2.0,,,,1,positional,hd+ipa,Den dritten Platz belegte bei den Meisterschaften Norwegen.,ɪn dɾiː blats bɪn dɛmaɪʃtɛʃaftɛɾ hɛtnɑːvɪgə bəlaɪt,deːn dɾɪtən plats bəleːktə baɪ deːn maɪstɜʃaftən nɔɾveːɡən,Präsens,,
201,rolle,diː,0,1,0,,,,2.0,,,,1,positional,hd+ipa,Schwarz spielt für einmal eine eher untergeordnete Rolle.,ʃvaɾts ʃpyːt vɛɾ aɪmɑːl eːɾ aɪn ʊntɛgɑːdən diː roːlə,ʃvaɾts ʃpiːlt fyːɾ aɪnmɑːl aɪnə eːɜ ʊntɜɡəɔɾdnətə rɔlə,Präsens,,
202,sehr,seːɾ,0,1,0,,,,2.0,,,,1,positional,hd+ipa,Das stört uns sehr.,da ʃtœɾt yːs seːɾ,das ʃtœɾt ʊns zeːɾ,Präsens,,
203,seither,ziː,0,1,0,,,,2.0,,,,1,positional,hd+ipa,Seither bin ich mit diesem Spiel verbunden.,ziː taɪn biːn daɪmʃpiːl fɛɾbʊndɜ,zaɪtɜ bɪn ɪç mɪt diːzəm ʃpiːl fɛɾbʊndən,Präsens,,
204,sicht,zɪçt,0,1,0,,,,2.0,,,,1,positional,hd+ipa,Darum ist aus der Sicht des Stadtrates die beantragte Bestimmung überflüssig.,tɾuː ɪnz ʊs dɛs zɪçt fɔm statɾɔt diː ɛɾ bəantɾaɪtɪ bɛːstɪmɪg yːbɛɾflyːsɪg,dɑːrʊm ɪst aʊs dɛɾ zɪçt dɛs ʃtatɾɑːtəs diː bəantɾɑːktə bəʃtɪmʊŋ yːbɜflʏsɪç,Präsens,,
205,soll,zøːl,0,1,0,,,,2.0,,,,1,positional,hd+ipa,Dadurch soll auch die Finanzierung gesichert werden.,tɔːduɔx zøːl apːɪnɛnɪtɪrɪk zɪçrə twɛldən,dɑːdʊɐç zɔl aʊx diː fiːnantsiːrʊŋ ɡəzɪçɜt vɛɾdən,Futur,,
206,sollen,sølə,0,1,0,,,,2.0,,,,1,positional,hd+ipa,Sollen sie das Resonanzgremium begleiten oder sollen sie einen eigenen Zug fahren?,sølə tsiː ɪz rizɔnantkɾeːmɪːʊm bəglaɪtə oːdɛɾ sølə tsɛn algənə tsuːkfɑːrən,zɔlən ziː das reːzoːnantsɡɾeːmiːʊm bəɡlaɪtən oːdɜ zɔlən ziː aɪnən aɪɡənən tsuːk fɑːrən,Präsens,,
207,spass,ʃpas,0,1,0,,,,2.0,,,,1,positional,hd+ipa,Die Überarbeitung macht dann wieder Spass.,dyːbɛːbɑːɾbaɪtyːgmaxt dɛm maɪtɛɾ ʃpas,diː yːbɜaɾbaɪtʊŋ maxt dan viːdɜ ʃpas,Präsens,,
208,stadtrat,diː,0,1,0,,,,2.0,,,,1,positional,hd+ipa,Ich danke dem Stadtrat für die ausführliche Beantwortung unserer Anträge.,ɪç tankərə deːm ʃtatraʊt fyːɾ diː ʊsfyːɾlɪçə biːandɾʊtiːk ʏsərə ɑːɾtvɛɾk,ɪç daŋkə deːm ʃtatɾɑːt fyːɾ diː aʊsfyːɾlɪçə bəantvɔɾtʊŋ ʊnzərɜ antɾɛːɡə,Präsens,,
209,tag,fɔm,0,1,0,,,,2.0,,,,1,positional,hd+ipa,Schliesslich möchten sie am schönsten Tag ihres Lebens umwerfend aussehen.,ɪçtəlɪç maɪçt ɪnəm hœntʃə tɑːg fɔm lɛbə ʊmaɪr fɔnʊsgə,ʃliːslɪç mœçtən ziː am ʃøːnstən tɑːk iːrəs leːbəns ʊmvɛɾfənt aʊszeːən,Präsens,,
210,tatsächlich,dɑːtsɛçlɪç,0,1,0,,,,2.0,,,,1,positional,hd+ipa,Tatsächlich fehlen Ecken und Kanten.,dɑːtsɛçlɪç fɛlət ɛkən nuː kantə,tatzɛçlɪç feːlən ɛkən ʊnt kantən,Präsens,,
211,teilweise,ɪn,0,1,0,,,,2.0,,,,1,positional,hd+ipa,Das geringe Gewicht war teilweise den sehr kompakten Abmessungen zu verdanken.,ɪs gɾɪŋə gʊvɪçt ɪn ɪn ɪn dɑːl vɪs dɛɾ zeːɾ kɔmpaxtɛɾ ɑːbmɛsɪgə tsvɛɾt ankɛ,das ɡərɪŋə ɡəvɪçt vɑːɾ taɪlvaɪzə deːn zeːɾ kɔmpaktən apmɛsʊŋən tsuː fɛɾdaŋkən,Plusquamperfekt,,
212,umgang,ʊŋgaŋ,0,1,0,,,,2.0,,,,1,positional,hd+ipa,Der zweite Punkt betrifft den haushälterischen Umgang.,deːtsvaɪt diː pʊŋk bətɾɪftə hoːz haltɾiːʃə ʊŋgaŋ,dɛɾ tsvaɪtə pʊŋkt bətɾɪft deːn haʊshɛltərɪʃən ʊmɡaŋ,Präsens,,
213,unsere,yːz,0,1,0,,,,2.0,,,,1,positional,hd+ipa,Unsere Einwohnerinnen und Einwohner brauchen das Vertrauen auch.,yːz ɾiːbɒːndɛbɒːn ʊndiːbɒːnɒ puːxɒːt dɛɾsfɒːtɾauː,ʊnzrə aɪnvoːneːrɪnən ʊnt aɪnvoːnɜ bɾaʊxən das fɛɾtɾaʊən aʊx,Präsens,,
214,vielen,fiːlə,0,1,0,,,,2.0,,,,1,positional,hd+ipa,Vielen Dank für die Unterstützung.,fiːlə taŋk fɪlt ʊndɜʃtyːtsɪk,fiːlən daŋk fyːɾ diː ʊntɜʃtʏtsʊŋ,Präsens,,
215,vielleicht,fiːlɪçt,0,1,0,,,,2.0,,,,1,positional,hd+ipa,Vielleicht will er das auch so.,fiːlɪçt viːkɪtɔː daː aʊsɔː,fɪlaɪçt vɪl ɛɾ das aʊx zoː,Präsens,,
216,vielmehr,fiːl,0,1,0,,,,2.0,,,,1,positional,hd+ipa,Sie sei vielmehr aus einem spontanen Impuls heraus entstanden.,ɪs aɪɾət fiːl meːɪ ʊs ɪm ʃpɔntɑːnə ɪm boːlsuːzə ɪn ɛn ʃtandə,ziː zaɪ fiːlmeːɾ aʊs aɪnəm ʃpɔntɑːnən ɪmpuːls hɛraʊs ɛntʃtandən,Präsens,,
217,war,ɪʃ,0,1,0,,,,2.0,,,,1,positional,hd+ipa,War das in letzter Zeit anders?,ɪʃ ɑːsiːltʃtɔ tsiːt ɑːmkɔːʃ gsɪ,vɑːɾ das ɪn lɛtstɜ tsaɪt andɜs,Präteritum,,
218,weil,vɪl,0,1,0,,,,2.0,,,,1,positional,hd+ipa,Weil sich andere anstecken liessen.,vɪl zɪç andərə jɑːʃt ɛkɾəlnd,vaɪl zɪç andərə anʃtɛkən liːsən,Präsens,,
219,weiss,vaɪs,0,1,0,,,,2.0,,,,1,positional,hd+ipa,"Soviel ich weiss, ist der Einwohnerrat die Legislative in einer Gemeinde.",tsuːfiːlɪç vaɪs ɪçtə iːvoːnərɑːɾt lɛgɪslatiːveː iːdɛgɛmaɪnt,zoːviːl ɪç vaɪs ɪst dɛɾ aɪnvoːnɜrɑːt diː leːɡɪslatiːvə ɪn aɪnɜ ɡəmaɪndə,Präsens,,
220,weiteren,viːtərə,0,1,0,,,,2.0,,,,1,positional,hd+ipa,Mit bedeutenden weiteren Verzögerungen rechnet das BAG allerdings nicht.,miːpədyːtən deːn viːtərə fɛɾtsyːgərə ɾɛxmət speːrəgə alɔdɪŋz nœyːt,mɪt bədɔøtəndən vaɪtərən fɛɾtsøːɡərʊŋən rɛçnət das beːɑːɡeː alɜdɪŋs nɪçt,Präsens,,
221,welche,veːli,0,1,0,,,,2.0,,,,1,positional,hd+ipa,"8. Welche zusätzlichen Massnahmen sind, auch im Vergleich mit anderen Gemeinden, möglich?",ɑçtənts veːli tsuːɾzɛtsklɪçə maɾsnɑːmə zɪnt aʊɪm fɛɾgliːç mɪt andərə nɛmɪɾ møːgliːç,axt vɛlçə tsuːzɛtslɪçən masnɑːmən zɪnt aʊx ɪm fɛɾɡlaɪç mɪt andərən ɡəmaɪndən møːklɪç,Perfekt,,
222,wenn,vɛn,0,1,0,,,,2.0,,,,1,positional,hd+ipa,Wenn man es denn so will.,vɛn mɑː ɛstɛns oʊvɨt,vɛn man ɛs dɛn zoː vɪl,Präsens,,
223,werde,vɛɾ,0,1,0,,,,2.0,,,,1,positional,hd+ipa,Dadurch werde die Persönlichkeit nicht ernsthaft verletzt.,dɔːrdʊrə vɛɾ pɛɾzøːnləx kaɪnə dɛɾanʃɑːf fɛɾlɪçst,dɑːdʊɐç vɛɾdə diː pɛɾzøːnlɪçkaɪt nɪçt ɛɾnstaft fɛɾlɛtst,Futur,,
224,wieder,dɛɾ,0,1,0,,,,2.0,,,,1,positional,hd+ipa,Er habe in der Vergangenheit immer wieder andere Religionen beleidigt.,ɛɾ hɛltə fɛɾgɑŋəhaɪt iːmɔ viːdɛɾ andərə dɛɾ gɔnə pɛlɾətiːkt,ɛɾ hɑːbə ɪn dɛɾ fɛɾɡaŋənhaɪt ɪmɜ viːdɜ andərə reːlɪɡioːnən bəlaɪdɪçt,Präsens,,
225,wissen,vyːsə,0,1,0,,,,2.0,,,,1,positional,hd+ipa,"Wir wissen, dass die Stadt dieses Thema anpackt.",eːɾ vyːsə ɛt ɛs ʃtɑːt daɪ teːmɑ ɑːpɑːkt,viːɾ vɪsən das diː ʃtat diːzəs teːmɑː anpakt,Präsens,,
226,wollen,vɛnt,0,1,0,,,,2.0,,,,1,positional,hd+ipa,Das wollen wir nicht.,dɛs vɛnt meːɾ nøːd,das vɔlən viːɾ nɪçt,Präsens,,
227,würde,viːɾ,0,1,0,,,,2.0,,,,1,positional,hd+ipa,Ich würde Coop darum nicht als Konkurrenten sehen.,tɾʊːm viːɾ diːxtə gɔp nɪçt als gɔːnkɔːrɛnt gseː,ɪç vʏɾdə koːp dɑːrʊm nɪçt als kɔnkʊrɛntən zeːən,Präsens,,
228,zeigt,tsaɪkt,0,1,0,,,,2.0,,,,1,positional,hd+ipa,Das zeigt eine Studie von Psychologen aus 44 Ländern.,das tsaɪkt ɛs ʃtuːdɪɾt fɔpsyxɔloːgə uːzfiːrə fiːɾtsglɛndɔ,das tsaɪkt aɪnə ʃtuːdɪə fɔn psyːçoːloːɡən aʊs fiːɾ ʊntfɪɾtsɪç lɛndɜn,Präsens,,
229,zürich,tsyːrə,0,1,0,,,,2.0,,,,1,positional,hd+ipa,Airlines können in Zürich derzeit keinen Bio-Sprit tanken.,ɛrlaɪns kœnd ɪn tsyːrə eːɾtsiːd kaɪn biːɔːʃpɾiːt taŋkən,(en)eəlaɪnz(de) kœnən ɪn tsyːrɪç dɛɾtsaɪt kaɪnən bɪoːʃpɾiːt taŋkən,Präsens,,
230,nicht,nɛt,0,0,1,,,,,0.289058,13.8326,16.0,1,ibm,hd+ipa,Ansonsten können wir nicht zählen.,suʃ kʰømi ɑn nɛt sɛlɛ,anzoːnstən kœnən viːɾ nɪçt tsɛːlən,Präsens,,
231,eine,diː,0,0,1,,,,,0.4317,10.7904,13.0,1,ibm,hd+ipa,Die Leute haben eine ziemlich beschränkte Vorstellung.,lyːptɛɪn gətsɛɪnlɪç bɛʃrɛŋk diː fɑːstəlɪç,diː lɔøtə hɑːbən aɪnə tsiːmlɪç bəʃrɛŋktə foːɾʃtɛlʊŋ,Präsens,,
232,wurde,ɪn,0,0,1,,,,,0.4236,11.6807,13.0,1,ibm,hd+ipa,Dafür wurde er mit der Fields-Medaille ausgezeichnet.,dɑːrdɛ fyːɾ ɪn ɪn dɛn fiːlt mɪdɛlɾiː aʊstsaɪçnət vɑːrdən,dɑːfyːɾ vʊɐdə ɛɾ mɪt dɛɾ fiːltsmeːdalɪə aʊsɡətsaɪçnət,Präteritum,,
233,von,fɔr,0,0,1,,,,,0.316525,7.2105,7.0,1,ibm,hd+ipa,Das Geld sei von der CS bereits ausbezahlt worden.,daɪkəltsɪk fɔr dɛɾ tseːrəs bəraɪts hʊstsaɪltpɔɾdən,das ɡɛlt zaɪ fɔn dɛɾ tseːɛs bəraɪts aʊsbətsɑːlt vɔɾdən,Präsens,,
234,gab,hɛt,0,0,1,,,,,0.541151,4.9974,5.0,1,ibm,hd+ipa,"Soviel Einigkeit wie jetzt, gab es seit längerer Zeit nicht mehr.",zoːfiːl aɪnɪkaɪt viːɾiːt hɛt zaɪt lɛŋɛrɑːtsaɪtɛ nyːmə geː,zoːviːl aɪnɪɡkaɪt viː jɛtst ɡɑːp ɛs zaɪt lɛŋərɜ tsaɪt nɪçt meːɾ,Präteritum,,
235,konnte,hɛt,0,0,1,,,,,0.567331,4.7463,5.0,1,ibm,hd+ipa,Und er konnte sein Verlangen nicht mehr länger zurückhalten.,ʊndə hɛt ziːs fɔlɛŋə nyːmə meːlɛŋɔ tsuː kɑːltərən,ʊnt ɛɾ kɔntə zaɪn fɛɾlaŋən nɪçt meːɾ lɛŋɜ tsuːrʏkhaltən,Präteritum,,
236,an,aɪn,0,0,1,,,,,0.28683,3.3433,4.0,1,ibm,hd+ipa,Sie werden sich sicher gut an den komplizierten Budgetprozess 2017 erinnern können.,ziːvɛɾdə tziːç zɪç zɪç kuːɾət aɪn dɛɾ kɔmplitsiːɾt byːtʃɛ pɔtsɛs tsvaɪt daʊzɪk ʊnt ziːbətseːrɛːrɪːnɛr kʏnən,ziː vɛɾdən zɪç zɪçɜ ɡuːt an deːn kɔmpliːtsiːɾtən bʊdɡɛtpɾoːtsɛs tsvaɪ taʊzənt ziːptseːn ɛɾɪnɜn kœnən,Futur,,
237,einer,fɔn,0,0,1,,,,,0.328241,3.3086,4.0,1,ibm,hd+ipa,Bleibt die Frage nach einer privaten Trägerschaft der Museen.,dɛnt stɛlt zɪç nɔp frɑːk fɔn ɾɛpɾiːvɑːtɛt tɾɛgɛɾʃaːft fɔ deː muːsiːɛ,blaɪpt diː frɑːɡə nɑːx aɪnɜ pɾiːvɑːtən tɾɛːɡɜʃaft dɛɾ muːzeːən,Präsens,,
238,jahr,aɪ,0,0,1,,,,,0.345407,3.6309,4.0,1,ibm,hd+ipa,"Ein Jahr zuvor hatte Goldman Sachs noch 1,9 Milliarden Dollar verdient.",aɪ zɛɾtə vɔɾ hɛɾ gɔlmaɪn tsaɪxz nɑː aɪskɾɔm niː miːliːɑːdə doːl ɑːfə diːɾnt,aɪn jɑːɾ tsuːfɔɾ hatə ɡɔldmɑːn zaxs nɔx aɪns nɔøn mɪliːaɾdən dɔlɑːɾ fɛɾdiːnt,Präteritum,,
239,muss,mʊs,0,0,1,,,,,0.218279,3.5698,4.0,1,ibm,hd+ipa,Doch deshalb muss keiner auf Luxus und Leistung verzichten.,dɔx dɑːmə mʊs kɛnə flʊtsəl zoːd laɪʃtə diː diː diː zɪçtə,dɔx dɛshalp mʊs kaɪnɜ aʊf lʊksʊs ʊnt laɪstʊŋ fɛɾtsɪçtən,Präsens,,
240,sei,ɪs,0,0,1,,,,,0.300175,3.1945,4.0,1,ibm,hd+ipa,Die jetzige Klimapolitik Obamas sei mit der seiner ersten Amtszeit identisch.,diː jɛntsɪgə kliːmɛpoːliːdɪç fɔn moːbɑːmɑː ɪs mɪtɛrɛ fɔ zɪːnrə ɛɾʃtə amts tsiːd iːdɛɪnɪç,diː jɛtsɪɡə kliːmapoːliːtiːk oːbamɑːs zaɪ mɪt dɛɾ zaɪnɜ eːɾstən amtstsaɪt iːdɛntɪʃ,Präsens,,
241,über,yːbɜ,0,0,1,,,,,0.359107,3.8881,4.0,1,ibm,hd+ipa,Über die drohenden Abschreibungen war bereits spekuliert worden.,yːbɜ diː dɾoːɾən dɛɾ apʃriːbɪgə ɪs bəraɪts spɛkɾuːliːɾt vɔːdən,yːbɜ diː dɾoːəndən apʃraɪbʊŋən vɑːɾ bəraɪts ʃpeːkuːliːɾt vɔɾdən,Präteritum,,
