HD_Phrase,IPA_Phrase,HD_N,IPA_N,Mapping_Type,Is_Phrase_Mapping,Gemeinsame_Treffer,Occurrence_Count,HD_Haeufigkeit,IPA_Haeufigkeit,HD_Rate,IPA_Rate,PMI,Avg_Position_Distance,Score,Example_Sentence,Example_IPA_Audio,Example_IPA_Reference,Example_Tense,Rank_For_HD_Phrase
und,ʊnt,1,1,1-1,0,143,145,329,166,0.4347,0.8614,3.0135,0.0497,409.5263,Alle Elemente sind gesteckt und geschraubt.,ɑːliːrə mɛnt zɪnt gʃtɛkɪt ʊnt gʃroːbət,alə eːleːmɛntə zɪnt ɡəʃtɛkt ʊnt ɡəʃraʊpt,Perfekt,1
für,fyːɾ,1,1,1-1,0,83,84,234,106,0.3547,0.783,3.3673,0.0545,264.2573,Sie hat die Zusammenarbeit für dieses Projekt mit den Gemeinden gesucht.,ɪn hɛt zlɛmə ɑːbɛlt fyːɾ das bɾɛkçt miː deːk maɪnɪnzgzuːxt,ziː hat diː tsuːzamənaɾbaɪt fyːɾ diːzəs pɾoːjɛkt mɪt deːn ɡəmaɪndən ɡəzuːxt,Perfekt,1
sich,zɪç,1,1,1-1,0,72,73,203,83,0.3547,0.8675,3.7201,0.0571,252.5589,Susanne Heuberger begibt sich in den Ausstand.,tsuːzɑːn hɔøbɛɾgɔ bɛgiːt zɪç ɪn ʊsʃtɑːnd,zuːzanə hɔøbɛɾɡɜ bəɡiːpt zɪç ɪn deːn aʊsʃtant,Präsens,1
im,ɪm,1,1,1-1,0,78,79,197,120,0.3959,0.65,3.347,0.0495,248.1396,Sie kümmerte sich nicht im Geringsten um das Glück ihres Vaters.,zɪh haɪt ziːɾ nɛd ɪm gɾɛŋkʃteːʊm ʃglʏk fɔːɾ iːrən vɑːtɛ gɾʏmərə,ziː kʏmɜtə zɪç nɪçt ɪm ɡərɪŋstən ʊm das ɡlʏk iːrəs fɑːtɜs,Präsens,1
es,ɛs,1,1,1-1,0,103,103,289,205,0.3564,0.5024,2.4227,0.0261,243.0333,Es wäre sicher nicht zielführend.,ɛs vɛsɪç ɦɪnɛtsɪl fyːɾɛnd,ɛs vɛːrə zɪçɜ nɪçt tsiːlfyːrənt,Präsens,1
als,als,1,1,1-1,0,43,45,86,52,0.5,0.8269,4.8901,0.0507,199.6147,Zudem bin ich bei SRF als Experte noch ein wenig dabei.,tsuːdɛn biniː biːɛsərɛf als ɛkspɛɾtɛ nɔɾ ɛs piːtslɪdɛbiː,tsuːdeːm bɪn ɪç baɪ ɛsɛrɛf als ɛkspɛɾtə nɔx aɪn veːnɪç dɑːbaɪ,Präsens,1
ich,ɪç,1,1,1-1,0,68,70,207,145,0.3285,0.469,2.8047,0.0263,185.7058,Ich danke aber auch allen Fiko-Mitgliedern für ihren ausserordentlichen Einsatz.,ɪç dɑŋkənaɪnɑːv alənə fiːk kɔmɪkgliːtɑː fyːrɪən ʊsɛrɔːgənləxəniːzɛts,ɪç daŋkə ɑːbɜ aʊx alən fiːkoːmɪtɡliːdɜn fyːɾ iːrən aʊszeːrɔɾdəntlɪçən aɪnzats,Präsens,1
werden,vɛɾdə,1,1,1-1,0,45,46,157,47,0.2866,0.9574,4.2332,0.0294,184.8876,Deshalb soll der Grenzschutz dort verstärkt werden.,ɪs aɪpsəldə gɾɛːnʃʊts døːt fɛɾʃtɛɾkst vɛɾdə,dɛshalp zɔl dɛɾ ɡɾɛntsʃʊts dɔɾt fɛɾʃtɛɾkt vɛɾdən,Futur,1
mit,mɪt,1,1,1-1,0,45,45,159,57,0.283,0.7895,3.9367,0.0664,165.3868,"Für diesen Verband, einen grossen Gewinn, mit positiven Folgen auch für dich.",fœltɛɾ fɛɾpant ɪnzəs ɪn gɾɑːsək vʏn mɪt pɔsɪtɪfə foːlgə aʊfə diː,fyːɾ diːzən fɛɾbant aɪnən ɡɾɔsən ɡəvɪn mɪt poːziːtiːvən fɔlɡən aʊx fyːɾ dɪç,Präsens,1
nach,nɔx,1,1,1-1,0,32,33,61,47,0.5246,0.6809,5.1053,0.0542,154.5217,Geblieben ist hingegen ihr Drang nach Leistung.,liːbə ɪʃən geːgə iːrə dɾaːn nɔx laɪʃtɪk,ɡəbliːbən ɪst hɪnɡeːɡən iːɾ dɾaŋ nɑːx laɪstʊŋ,Perfekt,1
zum,tsʊm,1,1,1-1,0,30,30,57,39,0.5263,0.7692,5.3792,0.0637,151.103,Wählen Sie zum Anfangen die tiefere HD-Auflösung.,vɛɾlə tsi tsʊm aɪfɑːnə diː dyːfɔhɑːdə ʊfløːzɪk,vɛːlən ziː tsʊm anfaŋən diː tiːfərə hɑːdeːaʊfløːzʊŋ,Präsens,1
hat,hɛt,1,1,1-1,0,44,44,132,115,0.3333,0.3826,3.1601,0.0535,131.6054,Womit er natürlich recht hat.,vɔmi tɪn ɛn ɑn tøɾɭɪç gərɛçt hɛt,voːmɪt ɛɾ nɑːtyːɾlɪç rɛçt hat,Präsens,1
auch,aʊ,1,1,1-1,0,35,35,223,36,0.157,0.9722,3.749,0.0485,124.8507,Auch die FDP möchte ihre Vertretung weiter ausbauen.,aʊ tɛftɪpeː vøːkiːr efɛtɾɛtɪg vitə uspaʊə,aʊx diː ɛfdeːpeː mœçtə iːrə fɛɾtɾeːtʊŋ vaɪtɜ aʊsbaʊən,Präsens,1
des,fɔm,1,1,1-1,0,30,30,84,58,0.3571,0.5172,4.2472,0.0732,118.0898,Das Pensum des Abteilungsleiters verändert sich nicht.,spɪn tsʊm fɔm ɑp daɪnɪkslaɪtɛrɪtɛr hɛt zɪç nøtfɛ ɛndərət,das pɛnzʊm dɛs aptaɪlʊŋslaɪtɜs fɛɾɛndɜt zɪç nɪçt,Präsens,1
sind,zɪnt,1,1,1-1,0,33,34,145,58,0.2276,0.569,3.5971,0.0341,114.6511,Das sind eindeutige Aufgaben der Abteilungs- und Ressortleitung.,das zɪnt aɪdyːtɪgə gəʊfkɔpə foːdɛ aːptaɪlɪks ʊntrøːsɔːlaɪtɪk,das zɪnt aɪndɔøtɪɡə aʊfɡɑːbən dɛɾ aptaɪlʊŋs ʊnt rɛsɔɾtlaɪtʊŋ,Präsens,1
für die,fyːɾ,2,1,2-1,1,30,30,65,106,0.4615,0.283,3.7472,0.0624,105.4056,Es gäbe sicher lohnenswerte Ziele für die nächsten Jahre.,ɛs gɛp sɪç loːnən tsvɛɾt diː tsiːl fyːɾ diː nɔɾstɛ jɔː,ɛs ɡɛːbə zɪçɜ loːnənsveːɾtə tsiːlə fyːɾ diː nɛçstən jɑːrə,Präsens,1
haben,hɛnt,1,1,1-1,0,24,24,103,46,0.233,0.5217,3.9655,0.0496,90.4522,Und neue Türen haben sich nicht geöffnet.,ʊnt nɔødyːrə hɛnt zɪç nøkəlfnɛt,ʊnt nɔøə tyːrən hɑːbən zɪç nɪçt ɡəœfnət,Perfekt,1
doch,dɔx,1,1,1-1,0,18,18,67,26,0.2687,0.6923,4.994,0.0292,87.2659,Doch deshalb muss keiner auf Luxus und Leistung verzichten.,dɔx dɑːmə mʊs kɛnə flʊtsəl zoːd laɪʃtə diː diː diː zɪçtə,dɔx dɛshalp mʊs kaɪnɜ aʊf lʊksʊs ʊnt laɪstʊŋ fɛɾtsɪçtən,Präsens,1
er,ɛɾ,1,1,1-1,0,29,29,139,76,0.2086,0.3816,3.0817,0.0246,87.1734,"Er hatte 1,5 Promille sowie Kokain im Blut.",ɛɾ hɛt aɪs kɔn vyːn fryːlzə oːviː kɔkɾətən bloːkə,ɛɾ hatə aɪns fʏnf pɾoːmɪlə zoːviː koːkaɪn ɪm bluːt,Präteritum,1
so,zoː,1,1,1-1,0,19,19,88,30,0.2159,0.6333,4.4722,0.0265,82.7181,Natürlich kann man Gas als nicht so schlimm wie andere Energieträger ansehen.,nɑktɪɔːliːk kɑmə gɑːs als nit zoː ʃlim biː andərə ɪnɑːkiːtɾɛːkɑː ɑːlwɑːkɑ,nɑːtyːɾlɪç kan man ɡɑːs als nɪçt zoː ʃlɪm viː andərə eːnɛɾɡiːtɾɛːɡɜ anzeːən,Präsens,1
bereits,bəraɪts,1,1,1-1,0,12,12,37,12,0.3243,1.0,6.3811,0.0359,73.827,Das Geld sei von der CS bereits ausbezahlt worden.,daɪkəltsɪk fɔr dɛɾ tseːrəs bəraɪts hʊstsaɪltpɔɾdən,das ɡɛlt zaɪ fɔn dɛɾ tseːɛs bəraɪts aʊsbətsɑːlt vɔɾdən,Präsens,1
ganz,gants,1,1,1-1,0,11,11,24,12,0.4583,0.9167,6.8801,0.0648,70.7756,Cannabis ist in Bezug auf Psychose nicht ganz ohne.,kɑnɑpɪs ɪn bɪtsuːkɔf pɪsɪxɔsɛ nøk gants ɔnɪ,kanabɪs ɪst ɪn bətsuːk aʊf pzʏçoːzə nɪçt ɡants oːnə,Präsens,1
für die,fyːɾ diː,2,2,2-2,1,14,14,65,17,0.2154,0.8235,5.2881,0.0477,70.5051,Es gäbe sicher lohnenswerte Ziele für die nächsten Jahre.,ɛs gɛp sɪç loːnən tsvɛɾt diː tsiːl fyːɾ diː nɔɾstɛ jɔː,ɛs ɡɛːbə zɪçɜ loːnənsveːɾtə tsiːlə fyːɾ diː nɛçstən jɑːrə,Präsens,2
am,am,1,1,1-1,0,15,15,91,19,0.1648,0.7895,4.7418,0.0425,68.1042,Am Schluss wird er eine ganze Flasche geleert haben.,am xluθ vi atɾeɡants i flɛɾʃiɾ glɛjɾ tɑ,am ʃlʊs vɪɾt ɛɾ aɪnə ɡantsə flaʃə ɡəleːɾt hɑːbən,Futur,1
ab,ap,1,1,1-1,0,10,10,29,10,0.3448,1.0,6.7326,0.0179,66.1185,Sie hielten mich von der Rückkehr nach Argentinien ab.,ɪn halt ɪmiː fɾʏk ʁɛɾ nɔx aɾgɛdiːniː ap,ziː hiːltən mɪç fɔn dɛɾ rʏkeːɾ nɑːx aɾɡəntiːnɪən ap,Präteritum,1
dass,das,1,1,1-1,0,18,20,60,66,0.3,0.2727,3.8092,0.0373,66.0089,"Schon ein paar mal habe ich erwähnt, dass das Potentialrechnungen sind.",tluːs baːmɔl hɔn nɪç ɛvɛnd das dɛs pʊtɛntsɪɑːlrɛçniːgəzɪnt,ʃoːn aɪn pɑːɾ mɑːl hɑːbə ɪç ɛɾvɛːnt das das poːtɛntiːalrɛçnʊŋən zɪnt,Präsens,1
mehr,meː,1,1,1-1,0,14,14,75,22,0.1867,0.6364,4.7097,0.0543,62.3573,Jedes Jahr reisen mehr als 35 Millionen Touristen nach Thailand.,jeːdəs jɑːɾ als meː als fœfətɾɪsk mɪliːɔːnə duː viːɾʃtə ɔftɛɪlɛnt,jeːdəs jɑːɾ raɪzən meːɾ als fʏnf ʊntdɾaɪsɪç mɪljoːnən tuːrɪstən nɑːx taɪlant,Präsens,1
bei,biː,1,1,1-1,0,16,16,85,38,0.1882,0.4211,3.9333,0.0425,60.2604,Bei der ersten Ausgabe wurden die Scheine folgendermassen verteilt.,biː dɛɾ eːɾʃtə ʊsgɑːp zɪnt tʃiːl foːlgənɛɾ maɾseː fɛɾdaɪlt vɔːdɛ,baɪ dɛɾ eːɾstən aʊsɡɑːbə vʊɐdən diː ʃaɪnə fɔlɡəndɜmasən fɛɾtaɪlt,Präteritum,1
aus,ʊs,1,1,1-1,0,13,13,84,17,0.1548,0.7647,4.8112,0.0529,59.2367,"Diese Fördergelder, auch für die Unterführung, stammen aus dem Agloprogramm 2. Generation.",diːl fyːɾtɛgaɪzɛɾ aʊfiːɾt ʊntɪfiːɾiːk stamɛt ʊs dɛm tsaɪt dɛɾ aʊgləpɔgɾɑmtsvaɪtɪgeːnɛɾatsiːɔn,diːzə fœɾdɜɡɛldɜ aʊx fyːɾ diː ʊntɜfyːrʊŋ ʃtamən aʊs deːm aɡlɔpɾɔɡɾam tsvaɪ ɡɛneːratsjoːn,Präsens,1
wie,viːɾ,1,1,1-1,0,15,15,58,50,0.2586,0.3,3.9956,0.0257,58.394,Wie fühlen Sie sich als Entertainer mittleren Alters?,viːɾ vyːlə tsiː ziːx als ɛndɔteːnɔ mɪçlrən ɛltɔs,viː fyːlən ziː zɪç als (en)ɛntəteɪnə(de) mɪtlərən altɜs,Präsens,1
vom,fɔm,1,1,1-1,0,12,12,20,58,0.6,0.2069,4.9956,0.0383,57.652,Wir haben vom DGS sehr viel Goodwill erfahren.,meɑ hænd fɔm dɛkə ɛs sɛrfɪl kʊt wɪl ɛfɑːbɛ,viːɾ hɑːbən fɔm deːɡeːɛs zeːɾ fiːl ɡoːdvɪl ɛɾfɑːrən,Präsens,1
nur,nuːɾ,1,1,1-1,0,11,11,70,13,0.1571,0.8462,5.2203,0.0577,54.1088,Dagegen spricht nicht nur die lange Tradition der US-Autoindustrie.,dɛɾ gɛgɛɾ ʃpɪçmə nuːɾ diː laŋt dɑdɪtsoːn foːɾ dɛɾ uːɾs alpɪtɾoː ɪnduːɾstɾiː,daɡeːɡən ʃpɾɪçt nɪçt nuːɾ diː laŋə tɾɑdiːtsjoːn dɛɾ uːɛsaʊtoːɪndʊstɾiː,Präsens,1
alles,ɑːləs,1,1,1-1,0,9,9,36,10,0.25,0.9,6.2687,0.0487,53.668,Und was darf das alles kosten?,uːnd vɑːs dɛɾ ɔf dɑːs ɑːləs xaʊʃtə,ʊnt vas daɾf das aləs kɔstən,Präsens,1
budget,byːtʃə,1,1,1-1,0,7,7,14,8,0.5,0.875,7.5906,0.0681,49.5156,Dadurch sind diese Kosten im Budget und in der Rechnung ausgewiesen.,dɔɾ tuːrə ziːn kœʃtə ɪn byːtʃə ʊnt diː dɛɾaɪçnɪk oːskvɪsə,dɑːdʊɐç zɪnt diːzə kɔstən ɪm bʊdɡət ʊnt ɪn dɛɾ rɛçnʊŋ aʊsɡəviːzən,Präsens,1
uns,yːs,1,1,1-1,0,9,9,57,10,0.1579,0.9,5.6057,0.0254,49.169,Immer der Spielverderber zu sein macht auch uns keinen Spass.,ɪmɛɾ dɛɾ ʃpɪl fɔr deːɾ pʊtsiː maxt yːs kaɪ ʃpas,ɪmɜ dɛɾ ʃpiːlfɜdɜbɜ tsuː zaɪn maxt aʊx ʊns kaɪnən ʃpas,Präsens,1
dabei,biː,1,1,1-1,0,11,11,35,38,0.3143,0.2895,4.6728,0.0808,47.2471,Dabei sind wir zu keinem vernünftigen Schluss gekommen.,dɛɾ biː zimə tsuː kaɪn fɔnœftɪgə ʃluːs koː,dɑːbaɪ zɪnt viːɾ tsuː kaɪnəm fɛɾnʏnftɪɡən ʃlʊs ɡəkɔmən,Perfekt,1
um,ʊm,1,1,1-1,0,11,11,55,27,0.2,0.4074,4.5138,0.051,47.1206,"Die Prämie für Kinder sinkt hingegen leicht um 0,1 Prozent.",bɾaɪm ɛɾ fɛrɪnt zɪŋkt hɛŋgɛɾgəliːɾxt ʊm nʊlkɾɛm aɪs bɔːtsɛnt,diː pɾɛːmɪə fyːɾ kɪndɜ zɪŋkt hɪnɡeːɡən laɪçt ʊm nʊl aɪns pɾoːtsɛnt,Präsens,1
viel,fiːl,1,1,1-1,0,9,9,30,18,0.3,0.5,5.6837,0.082,46.9597,So viel weiter sind wir inzwischen nicht gekommen.,soː fiːl viːtɛɾ siːm maɪn tsuːiːʃɛ nɔnɪkɾoː,zoː fiːl vaɪtɜ zɪnt viːɾ ɪntsvɪʃən nɪçt ɡəkɔmən,Perfekt,1
mich,mɪç,1,1,1-1,0,9,9,43,14,0.2093,0.6429,5.5269,0.062,46.6602,In der Schweiz gibt es für mich trotzdem auch einen König.,aɪ dɛɾ ʃviːtskiːts fyːɾ mɪç trɔts dɛm aʊən kœnɪç,ɪn dɛɾ ʃvaɪts ɡiːpt ɛs fyːɾ mɪç tɾɔtsdeːm aʊx aɪnən køːnɪç,Präsens,1
dann,dɛn,1,1,1-1,0,13,14,51,59,0.2549,0.2203,3.736,0.062,45.5567,Die Prüfung und Beratung erfolgt dann an der nächsten Sitzung der FGPK.,bɾøːfyːkʊŋ bərɑːtɪgɛrfɔlp dɛn nɪçɛ nɛrʃtə siːt ziːk fɔl dɛr ɛfgeːpɛːkɾɑː,diː pɾyːfʊŋ ʊnt bərɑtʊŋ ɛɾfɔlkt dan an dɛɾ nɛçstən zɪtsʊŋ dɛɾ ɛfɡeːpeːkɑː,Präsens,1
geschäft,gʃɛft,1,1,1-1,0,6,6,10,9,0.6,0.6667,7.6837,0.054,43.6125,Wir haben dieses Geschäft am 13. März 2018 in der FGPK behandelt.,miːɾ hɛnt dɛs gʃɛft ɑːm dɾiːtzɛtə mɛɾts tsvaɪ axtsɛn iːdɛnfgɛːpɛːkɛɾ bəhandlɛt,viːɾ hɑːbən diːzəs ɡəʃɛft am dɾaɪtseːn mɛɾts tsvaɪ taʊzənt axtseːn ɪn dɛɾ ɛfɡeːpeːkɑː bəhandəlt,Perfekt,1
andere,andərə,1,1,1-1,0,8,8,23,21,0.3478,0.381,5.6747,0.0528,42.999,Natürlich kann man Gas als nicht so schlimm wie andere Energieträger ansehen.,nɑktɪɔːliːk kɑmə gɑːs als nit zoː ʃlim biː andərə ɪnɑːkiːtɾɛːkɑː ɑːlwɑːkɑ,nɑːtyːɾlɪç kan man ɡɑːs als nɪçt zoː ʃlɪm viː andərə eːnɛɾɡiːtɾɛːɡɜ anzeːən,Präsens,1
haben sich,hɛnt zɪç,2,2,2-2,1,5,5,7,5,0.7143,1.0,8.7832,0.0489,41.7691,Und neue Türen haben sich nicht geöffnet.,ʊnt nɔødyːrə hɛnt zɪç nøkəlfnɛt,ʊnt nɔøə tyːrən hɑːbən zɪç nɪçt ɡəœfnət,Perfekt,1
macht,maxt,1,1,1-1,0,7,7,19,14,0.3684,0.5,6.3427,0.0719,41.2053,Die heutige Technik macht vieles möglich.,deːhyːddɪk tɛxnɪk maxt fiːləs møːgəlɪç,diː hɔøtɪɡə tɛçnɪk maxt fiːləs møːklɪç,Präsens,1
frau,fraʊ,1,1,1-1,0,5,5,8,5,0.625,1.0,8.5906,0.0459,40.9801,Meine Frau hätte im Café sein können.,mɪni fraʊ hɪt kønən ɪm kafɪsiː,maɪnə fraʊ hɛtə ɪm kafeː zaɪn kœnən,Präsens,1
anderen,andərə,1,1,1-1,0,7,7,16,21,0.4375,0.3333,6.0056,0.0254,40.97,Ihre persönlichen Probleme teilen sie nur ungern mit anderen Menschen.,iːøːpəzøːnɪç ɦiːpɔbleːm dɑːlə tsiːn ʊŋgɑːn mɪt andərə mɛndʒə,iːrə pɛɾzøːnlɪçən pɾoːbleːmə taɪlən ziː nuːɾ ʊnɡɛɾn mɪt andərən mɛnʃən,Präsens,1
gilt,gɪlt,1,1,1-1,0,5,5,10,5,0.5,1.0,8.2687,0.012,40.8473,Ähnliches gilt bei den Sondererträgen.,ɛndlɪçt gɪlt biːdə zʊndɜ ɛɾtɾɛk,ɛːnlɪçəs ɡɪlt baɪ deːn zɔndeːrɜtɾɛːɡən,Präsens,1
gemacht,gmaxt,1,1,1-1,0,6,6,14,10,0.4286,0.6,7.0463,0.0419,40.5054,"Die Gemeinde besass das Vorkaufsrecht, welches geltend gemacht wurde.",gmaɪnt hɛɪts fɔːx aʊfzvɛçt pzɛsən vʊɐ zaʊ gɛldən gmaxt hɪnt,diː ɡəmaɪndə bəzas das foːɾkaʊfsrɛçt vɛlçəs ɡɛltənt ɡəmaxt vʊɐdə,Präteritum,1
beiden,baɪdə,1,1,1-1,0,6,6,16,9,0.375,0.6667,7.0056,0.0438,40.1914,Sie zeigen die beiden Entführten vor einem grossen schwarzen Banner sitzend.,ɛs tsaɪgɪ baɪdə ɛntfyːrə woːfɑːm neː goːsɪʃ vɑːtsə bɑːnə ziːtsət,ziː tsaɪɡən diː baɪdən ɛntfyːɾtən fɔɾ aɪnəm ɡɾɔsən ʃvaɾtsən banɜ zɪtsənt,Präsens,1
zeit,tsiːt,1,1,1-1,0,7,7,22,13,0.3182,0.5385,6.2381,0.0913,39.6786,War das in letzter Zeit anders?,ɪʃ ɑːsiːltʃtɔ tsiːt ɑːmkɔːʃ gsɪ,vɑːɾ das ɪn lɛtstɜ tsaɪt andɜs,Präteritum,1
des,fɔn,1,1,1-1,0,13,13,84,51,0.1548,0.2549,3.2263,0.0712,38.9564,Dabei beeinflussen nicht alle Veränderungen des Klimas die Migration gleich stark.,dɑːx hɛɾbə iːflaʊsət niːt aɪlɛvɔː ɛndɛɾɪgə fɔn kliməd miː gɾatsiːoːm gliːɾʃtɑːk,dɑːbaɪ bəaɪnflʊsən nɪçt alə fɛɾɛndərʊŋən dɛs kliːmɑːs diː mɪɡɾatsjoːn ɡlaɪç ʃtaɾk,Präsens,2
weg,vɛk,1,1,1-1,0,5,5,11,6,0.4545,0.8333,7.8681,0.0254,38.3415,Das fällt im Internet weg.,dɛɾ faltiː mɪntɔm ɛtə vɛk,das fɛlt ɪm ɪntɜnɛt vɛk,Präsens,1
zwei,tsvaɪ,1,1,1-1,0,8,8,40,19,0.2,0.4211,5.0207,0.0559,37.9197,Wir betreiben in Griechenland zwei Anlaufstellen nur für Frauen.,miːɾ bɪdɾiːbə diːn gɾiːrəkə lan tsvaɪ alɑːf stɛlən nuːɾ fyːɾfɾaʊə,viːɾ bətɾaɪbən ɪn ɡɾiːçənlant tsvaɪ anlaʊfʃtɛlən nuːɾ fyːɾ fraʊən,Präsens,1
beim,bɪm,1,1,1-1,0,6,6,26,7,0.2308,0.8571,6.6678,0.0546,37.8207,Dies ist beim Balänenweg der Fall.,ɑs ɪʃpɪm bɪm bɑl aɪnən vɛːktə fɑl,diːs ɪst baɪm balɛːnənveːk dɛɾ fal,Präsens,1
aarau,ɑːraʊ,1,1,1-1,0,5,5,15,5,0.3333,1.0,7.6837,0.0178,37.7359,"Und das wollen wir in Aarau nicht, auch nicht in der Zwischensaison.",ʊnt ʊntɑs vømeːrɪn ɑːraʊ nøːt ɑːnøːtɪtɪ tə tsvɪʃɛzəzɑːn,ʊnt das vɔlən viːɾ ɪn ɑːraʊ nɪçt aʊx nɪçt ɪn dɛɾ tsvɪʃənzaɪzoːn,Präsens,1
die beiden,baɪdə,2,1,2-1,1,5,5,7,9,0.7143,0.5556,7.9352,0.0541,37.5309,Sie zeigen die beiden Entführten vor einem grossen schwarzen Banner sitzend.,ɛs tsaɪgɪ baɪdə ɛntfyːrə woːfɑːm neː goːsɪʃ vɑːtsə bɑːnə ziːtsət,ziː tsaɪɡən diː baɪdən ɛntfyːɾtən fɔɾ aɪnəm ɡɾɔsən ʃvaɾtsən banɜ zɪtsənt,Präsens,1
schnell,ʃnɛl,1,1,1-1,0,5,5,11,6,0.4545,0.8333,7.8681,0.0492,37.4064,Die Feuerwehr habe den Brand schnell unter Kontrolle gebracht.,fyːɾvɪɾ heːbɪdə bɾaɪmd ʃnɛl ʊntɜ gɾʊntɾɔlə pɔxt,diː fɔøɜveːɾ hɑːbə deːn bɾant ʃnɛl ʊntɜ kɔntɾɔlə ɡəbɾaxt,Perfekt,1
prozent,pɔtsɛnt,1,1,1-1,0,6,6,33,7,0.1818,0.8571,6.3238,0.0374,36.5245,"Im kommenden Jahr soll sie weiter auf 6,4 Prozent sinken.",ɪm nɛgʃtə jɑː zʊt ziːn nɔmɪ ɔf zɛxt kɔm ɪn fiːɾ pɔtsɛnt zɪnkə,ɪm kɔməndən jɑːɾ zɔl ziː vaɪtɜ aʊf zɛks fiːɾ pɾoːtsɛnt zɪŋkən,Präsens,1
was,vas,1,1,1-1,0,6,6,32,8,0.1875,0.75,6.1755,0.0335,35.8128,Was muss man sich unter mobilen Bänken vorstellen?,vas muːɾs mɔz mɔz zɪç ʊntɛɾ mɔbiːlə bɛŋk fɔɾʃtɛlə,vas mʊs man zɪç ʊntɜ moːbiːlən bɛŋkən foːɾʃtɛlən,Präsens,1
nie,niːɾ,1,1,1-1,0,5,5,14,8,0.3571,0.625,7.1052,0.0444,33.9497,Aber er gab nie zweimal dasselbe Konzert.,ɛt hɛlt niːɾ tsvaɪmɪl sɛlbɪk kʊntsɛrt gɛl,ɑːbɜ ɛɾ ɡɑːp niː tsvaɪmɑːl daszɛlbə kɔntsɛɾt,Präteritum,1
schweiz,ʃviːts,1,1,1-1,0,5,5,20,5,0.25,1.0,7.2687,0.0722,33.7185,Bei Pro Bahn Schweiz kennt man das Problem.,biː pɾoːbɑːn ʃviːts kɾɛmə ɛnz pɾoːbleːmən,baɪ pɾoː bɑːn ʃvaɪts kɛnt man das pɾoːbleːm,Präsens,1
thema,teːmɑː,1,1,1-1,0,5,5,17,5,0.2941,1.0,7.5031,0.1017,33.7018,Auch innerhalb der SVP wurde über dieses Thema eingehend diskutiert.,aʊɪnə haɪdffə ɛsəpɪt iʃ ybɛdɛs teːmɑː iːgɛn gɛndldɪs kʊdiːət vɔːdə,aʊx ɪnɜhalp dɛɾ ɛsfaʊpeː vʊɐdə yːbɜ diːzəs teːmɑː aɪnɡeːənt dɪskuːtiːɾt,Präteritum,1
bis,bɪs,1,1,1-1,0,6,6,32,11,0.1875,0.5455,5.7161,0.0447,32.7621,Erhöhungsanträgen stehen wir grundsätzlich sehr kritisch bis ablehnend gegenüber.,ɛɾhøːlɪks aɾtɾaɪgɛstəlm viːɾ aɾ gɾʊntsətsəx zɛɾ kɾɪktɪç bɪs apleːnɪŋ gɛlgəneːbɜ,ɛɾhøːʊŋsantɾɛːɡən ʃteːən viːɾ ɡɾʊndzɛtslɪç zeːɾ kɾiːtɪʃ bɪs apleːnənt ɡeːɡənyːbɜ,Präsens,1
er ist,ɛr,2,1,2-1,1,4,4,7,4,0.5714,1.0,8.7832,0.0783,32.381,"Er ist verheiratet, hat drei erwachsene Kinder und zwei Enkel.",ɛr ɪʃ kʊvyːrɑːtət heːt dɾaɪɛɾ vaxzɪnə kɪnd ʊnt tsvaɪ ɛnkəl,ɛɾ ɪst fɛɾhaɪrɑːtət hat dɾaɪ ɛɾvaxzənə kɪndɜ ʊnt tsvaɪ ɛnkəl,Präsens,1
viele,fiːl,1,1,1-1,0,6,6,22,18,0.2727,0.3333,5.5462,0.0317,32.2207,Viele Neuzuzüger lassen daher die Finger davon.,fiːl nɔø tsuː eːtyːkɔːl lœn dɾʊm fɪŋɔːdə foː,fiːlə nɔøtsuːtsyːɡɜ lasən dɑːhɛɾ diː fɪŋɜ dɑːfɔn,Präsens,1
haben wir,hɛm,2,1,2-1,1,5,5,18,8,0.2778,0.625,6.7426,0.0555,31.8428,"Deshalb haben wir uns ja bereits entschieden, ein solches Alterszentrum zu bauen.",dɑːrʊŋ hɛm miːryːsaʊ bəraɪts ɛntʃiːdə eːzøːtɪks altʊs tsɛnt dʊmt tsvaʊən,dɛshalp hɑːbən viːɾ ʊns jɑː bəraɪts ɛntʃiːdən aɪn zɔlçəs altɜstsɛntɾʊm tsuː baʊən,Präsens,1
mehr als,meː als,2,2,2-2,1,4,4,10,4,0.4,1.0,8.2687,0.0614,31.0451,Jedes Jahr reisen mehr als 35 Millionen Touristen nach Thailand.,jeːdəs jɑːɾ als meː als fœfətɾɪsk mɪliːɔːnə duː viːɾʃtə ɔftɛɪlɛnt,jeːdəs jɑːɾ raɪzən meːɾ als fʏnf ʊntdɾaɪsɪç mɪljoːnən tuːrɪstən nɑːx taɪlant,Präsens,1
zudem,tsuːdɛm,1,1,1-1,0,4,4,11,5,0.3636,0.8,7.8092,0.0169,30.7101,Natürlich kommen zudem auch Araber und Russen.,nɑtyːɾiː kɛmɪ tsuːdɛm aʊ ɑːrɑːbɑː ʊntɾʊsɛ,nɑːtyːɾlɪç kɔmən tsuːdeːm aʊx ɑrɑːbɜ ʊnt rʊsən,Präsens,1
machen,maxə,1,1,1-1,0,5,5,20,10,0.25,0.5,6.2687,0.0253,30.5497,Und ich möchte auch kein Geheimnis daraus machen.,ʊn diː mɛçt aʊkhaɪs kɑlmɪs tɔs maxə,ʊnt ɪç mœçtə aʊx kaɪn ɡəhaɪmnɪs dɑːraʊs maxən,Präsens,1
einmal,aɪmɑːl,1,1,1-1,0,4,4,14,4,0.2857,1.0,7.7832,0.0238,30.3911,Einmal ging die Heizung nicht.,aɪmɑːl ɪst haɪtsɪg nɪç gɑŋ,aɪnmɑːl ɡɪŋ diː haɪtsʊŋ nɪçt,Präteritum,1
genau,knaʊ,1,1,1-1,0,4,4,15,4,0.2667,1.0,7.6837,0.042,29.445,Wie ging das Personal genau vor?,viːɾ iːʃtɾiːɾɑːl zoːnaːl knaʊ vɔːr kaŋdə,viː ɡɪŋ das pɛɾzoːnɑːl ɡənaʊ fɔɾ,Präteritum,1
frauen,fraʊə,1,1,1-1,0,4,4,15,4,0.2667,1.0,7.6837,0.0482,29.2546,"Die Frauen verloren im Schnitt 1,5 Kilogramm.",ɪn fraʊə hɛn diː bɛʃniːt aɪs kɛnma fyːf kɪloː fɛɾlɔvərə,diː fraʊən fɛɾloːrən ɪm ʃnɪt aɪns fʏnf kiːlɔɡɾam,Präteritum,1
bleiben,bliːbə,1,1,1-1,0,4,4,13,6,0.3077,0.6667,7.3052,0.0085,28.9717,Die parlamentarische Anfrage des BZÖ werde entsprechend unbeantwortet bleiben.,ɑːləməntɑːrɪʃiː ɑːfhɑːg fɔm beːtsət bɪl vɪɾd ɪnspɛçɪt ʊnt bɛɾandwɑːtə bliːbə,diː paɾlaməntɑrɪʃə anfrɑːɡə dɛs beːtsɛtøː vɛɾdə ɛntʃpɾɛçənt ʊnbəantvɔɾtət blaɪbən,Futur,1
stelle,ʃtɛl,1,1,1-1,0,4,4,10,6,0.4,0.6667,7.6837,0.0609,28.8624,Die Fiko hat anschliessend diese zu besetzende Stelle näher betrachtet.,ɪɾ viːkɔ hɛɾ aɾʃlyːsənt diː suː bɛzɛtsən diː ʃtɛl nœʁɔbəpraxtət,diː fiːkoː hat anʃliːsənt diːzə tsuː bəzɛtsəndə ʃtɛlə nɛːɜ bətɾaxtət,Präsens,1
vier,fiːɾ,1,1,1-1,0,5,5,11,22,0.4545,0.2273,5.9937,0.0448,28.6262,Von den letzten vier Grand-Slam-Finals hat Federer nun drei verloren.,fɔr dɛɾ ɪtʃtə fiːɾ bɾɛnslɛnfaɪnəlz hɛt feːdɾɔː nʊmə dɾyːfəlɔɾə,fɔn deːn lɛtstən fiːɾ ɡɾantslɑːmfiːnɑːls hat feːdərɜ nuːn dɾaɪ fɛɾloːrən,Präteritum,1
grossen,gɾoːsə,1,1,1-1,0,4,4,13,6,0.3077,0.6667,7.3052,0.0257,28.4698,Wir können heute keine grossen ambitionierten Sparmassnahmen in so kurzer Zeit präsentieren.,meːrçənt hyːdkɪç kɔɾaɪk gɾoːsə ɑːn bitsəniːr diː ʃpasnɑːmə iːzɑːxɔːtsɑː tsɪːk beːzənt diːrə,viːɾ kœnən hɔøtə kaɪnə ɡɾɔsən ambiːtsjoːniːɾtən ʃpaɾmasnɑːmən ɪn zoː kʊɐtsɜ tsaɪt pɾɛːzəntiːrən,Präsens,1
fall,fal,1,1,1-1,0,4,4,14,5,0.2857,0.8,7.4613,0.0463,28.4644,"Das ist nicht der Fall, wir werden mit der Abstimmungsanlage abstimmen.",das iː ʃnɛltə fal meːɾ vɛɾdə mɪç tɛɾ aɪpʃtɪmʊŋs halɑːk aɪpʃtɪmə,das ɪst nɪçt dɛɾ fal viːɾ vɛɾdən mɪt dɛɾ apʃtɪmʊŋsanlɑːɡə apʃtɪmən,Futur,1
und für,ʊnt fyːɾ,2,2,2-2,1,3,3,3,3,1.0,1.0,10.0056,0.0583,28.2659,Und für das müssen nicht sieben Jahre lang Abklärungen gemacht werden.,ʊnt fyːɾ taːx myːn nyːtsɪbə jɔːrlɑŋ apglɛːrɪgə gmaxt vɛɾdə,ʊnt fyːɾ das mʏsən nɪçt ziːbən jɑːrə laŋ apklɛːrʊŋən ɡəmaxt vɛɾdən,Futur,1
mehr als,meː,2,1,2-1,1,5,5,10,22,0.5,0.2273,6.1312,0.0782,28.2591,Jedes Jahr reisen mehr als 35 Millionen Touristen nach Thailand.,jeːdəs jɑːɾ als meː als fœfətɾɪsk mɪliːɔːnə duː viːɾʃtə ɔftɛɪlɛnt,jeːdəs jɑːɾ raɪzən meːɾ als fʏnf ʊntdɾaɪsɪç mɪljoːnən tuːrɪstən nɑːx taɪlant,Präsens,2
frage,frɑːk,1,1,1-1,0,4,4,17,4,0.2353,1.0,7.5031,0.0587,28.2504,Bleibt die Frage nach einer privaten Trägerschaft der Museen.,dɛnt stɛlt zɪç nɔp frɑːk fɔn ɾɛpɾiːvɑːtɛt tɾɛgɛɾʃaːft fɔ deː muːsiːɛ,blaɪpt diː frɑːɡə nɑːx aɪnɜ pɾiːvɑːtən tɾɛːɡɜʃaft dɛɾ muːzeːən,Präsens,1
neue,nɔø,1,1,1-1,0,5,5,23,12,0.2174,0.4167,5.804,0.0303,28.1401,Welche aufregenden Möglichkeiten eröffnen neue Technologien?,vɪl juːvɾɛgənə mɪgəlgɾaɪtə rɛftə nɔø tɛxŋoːlɔgiːɛ,vɛlçə aʊfreːɡəndən mœklɪçkaɪtən ɛɾœfnən nɔøə tɛçnoːloːɡiːən,Präsens,1
auch der,aʊtə,2,1,2-1,1,4,4,11,7,0.3636,0.5714,7.3238,0.0421,28.0623,Die Preisdifferenz erachtet auch der Stadtrat als zu gross.,pɾiːstəfərɛnts ɛɾɑːxdət aʊtə ʃtatɾɑːt aʊst tsuːkɔs,diː pɾaɪsdɪfeːrɛnts ɛɾaxtət aʊx dɛɾ ʃtatɾɑːt als tsuː ɡɾɔs,Präsens,1
plus,blʊs,1,1,1-1,0,3,3,4,3,0.75,1.0,9.5906,0.0303,27.8999,"Dies entspricht einem Plus von 0,4 Prozent.",taɪs ɛnʃpɾɪçt fɔm neː blʊs foː nʊɾ kɔm ɪnfɪɾ pɔtsɛnt,diːs ɛntʃpɾɪçt aɪnəm plʊs fɔn nʊl fiːɾ pɾoːtsɛnt,Präsens,1
unter,ʊntɜ,1,1,1-1,0,4,4,22,4,0.1818,1.0,7.1312,0.0285,27.7118,Die Feuerwehr habe den Brand schnell unter Kontrolle gebracht.,fyːɾvɪɾ heːbɪdə bɾaɪmd ʃnɛl ʊntɜ gɾʊntɾɔlə pɔxt,diː fɔøɜveːɾ hɑːbə deːn bɾant ʃnɛl ʊntɜ kɔntɾɔlə ɡəbɾaxt,Perfekt,1
bäume,bɔøm,1,1,1-1,0,3,3,3,3,1.0,1.0,10.0056,0.077,27.7066,Im Wald hat sie die Bäume umarmt.,ɪn baːlət hɛnt ziːt bɔøm ʊm aʊnt,ɪm valt hat ziː diː bɔømə ʊmaɾmt,Präsens,1
plus von,blʊs,2,1,2-1,1,3,3,3,3,1.0,1.0,10.0056,0.0802,27.6102,"Dies entspricht einem Plus von 0,4 Prozent.",taɪs ɛnʃpɾɪçt fɔm neː blʊs foː nʊɾ kɔm ɪnfɪɾ pɔtsɛnt,diːs ɛntʃpɾɪçt aɪnəm plʊs fɔn nʊl fiːɾ pɾoːtsɛnt,Präsens,1
nichts,nyːd,1,1,1-1,0,4,4,13,6,0.3077,0.6667,7.3052,0.064,27.351,Nichts geändert haben die Japaner allerdings am Motor.,nyːd kɛndrɛt hɛnt jɑpɑːn ɑːlədɪŋ sɑːmɑːtoː,nɪçts ɡəɛndɜt hɑːbən diː japɑːnɜ alɜdɪŋs am moːtoːɾ,Perfekt,1
beispielsweise,viːs,1,1,1-1,0,3,3,3,4,1.0,0.75,9.5906,0.0529,27.2484,Sie würde beispielsweise an Joseph Goebbels erinnern.,ɪn yːɾt biːʃpɪls viːs ɑn jɔs ɛv kœbɛts ɛɾɛnərə,ziː vʏɾdə baɪʃpiːlsvaɪzə an joːzeːf ɡœbəls ɛɾɪnɜn,Präsens,1
mal,mɔl,1,1,1-1,0,4,4,17,5,0.2353,0.8,7.1812,0.0538,27.1797,Jedes Mal lief sie bisher damit auf.,jɛtəs mɔl laʊftsiʊt biːt ɛɾdə miːk duːf,jeːdəs mɑːl liːf ziː bɪsheːɾ dɑːmɪt aʊf,Präteritum,1
letzten,lɛtʃtə,1,1,1-1,0,4,4,19,4,0.2105,1.0,7.3427,0.0746,27.179,Die letzten fünf bis sechs Jahre waren geprägt von intensiven Budgetdebatten.,diː lɛtʃtə fyːf bɪsɛç ziːɑːr zɪm tɾɛksiː foːɪntəntsiːf fɛɾbiːtʃɛtə bɑːtə,diː lɛtstən fʏnf bɪs zɛks jɑːrə vɑːrən ɡəpɾɛːkt fɔn ɪntɛnziːvən bʊdɡɛtdeːbatən,Plusquamperfekt,1
nicht ganz,gants,2,1,2-1,1,4,4,7,12,0.5714,0.3333,7.1983,0.0569,27.1544,Cannabis ist in Bezug auf Psychose nicht ganz ohne.,kɑnɑpɪs ɪn bɪtsuːkɔf pɪsɪxɔsɛ nøk gants ɔnɪ,kanabɪs ɪst ɪn bətsuːk aʊf pzʏçoːzə nɪçt ɡants oːnə,Präsens,1
entscheid,tʃaɪt,1,1,1-1,0,3,3,4,3,0.75,1.0,9.5906,0.059,27.075,Die meisten warten auf den Entscheid über ihren Asylantrag.,ɪmaɪlʃtɛɾ vaɾgdəd aʊf daɪn tʃaɪt ʏbɛɾ iːɾən asyːlaːtɾak,diː maɪstən vaɾtən aʊf deːn ɛntʃaɪt yːbɜ iːrən ɑzyːlantɾɑːk,Präsens,1
dort,dœt,1,1,1-1,0,4,4,25,4,0.16,1.0,6.9467,0.0278,27.0157,Dort kann die Bank unter Umständen gegen ihre eigenen Kunden spekulieren.,dœt kɑn pɑnk ʊnt ʊmstɛndɪgɛkɛɾ aɪgɪnək kʊndə spɪkoːliːrə,dɔɾt kan diː baŋk ʊntɜ ʊmʃtɛndən ɡeːɡən iːrə aɪɡənən kʊndən ʃpeːkuːliːrən,Präsens,1
im rahmen,rɑːmə,2,1,2-1,1,3,3,4,3,0.75,1.0,9.5906,0.0713,26.719,Ein weiterer Mann wurde im Rahmen einer Fahndung identifiziert und gestellt.,ɛn vɪktərə mɑːɾ ɪç ɪm rɑːmə fɔnɔxfɑːndɪç iːdɛntifiːɾt ʊntgʃtɛlt vɔɾdə,aɪn vaɪtərɜ man vʊɐdə ɪm rɑːmən aɪnɜ fɑːndʊŋ iːdəntiːfiːtsiːɾt ʊnt ɡəʃtɛlt,Präteritum,1
menschen,mɛntʃɛ,1,1,1-1,0,4,4,22,4,0.1818,1.0,7.1312,0.0667,26.623,Die Menschen respektieren den Sport.,ɪn mɛntʃɛ ɾɛspɛktiːrət deː spɑːlt,diː mɛnʃən rɛspɛktiːrən deːn ʃpɔɾt,Präsens,1
liegt,liːt,1,1,1-1,0,4,4,16,6,0.25,0.6667,7.0056,0.0583,26.3898,Das Jahresprogramm liegt auf.,siɔvɛs pɔkɾɑːm liːt uːf,das jɑːrɛʃpɾɔɡɾam liːkt aʊf,Präsens,1
im rahmen,ɪm rɑːmə,2,2,2-2,1,3,3,4,3,0.75,1.0,9.5906,0.0868,26.2757,Ein weiterer Mann wurde im Rahmen einer Fahndung identifiziert und gestellt.,ɛn vɪktərə mɑːɾ ɪç ɪm rɑːmə fɔnɔxfɑːndɪç iːdɛntifiːɾt ʊntgʃtɛlt vɔɾdə,aɪn vaɪtərɜ man vʊɐdə ɪm rɑːmən aɪnɜ fɑːndʊŋ iːdəntiːfiːtsiːɾt ʊnt ɡəʃtɛlt,Präteritum,2
deutschen,dyːtʃə,1,1,1-1,0,3,3,5,3,0.6,1.0,9.2687,0.0551,26.2752,Die deutschen Hersteller spielen dabei nach wie vor die erste Geige.,diː dyːtʃə hɛɾstələ ʃpɪlt dɛɾ biːhiː nɑːx ɪfoːɾ deːɾstə giːgə,diː dɔøtʃən hɛɾʃtɛlɜ ʃpiːlən dɑːbaɪ nɑːx viː fɔɾ diː eːɾstə ɡaɪɡə,Präsens,1
druck,dɾʊk,1,1,1-1,0,3,3,5,3,0.6,1.0,9.2687,0.0569,26.2244,So entsteht auch ein gewisser sozialer Druck.,zoː ɛnʃtɑːɾdɛn gvɪsɪs zʊtsiːɑːlə dɾʊk,zoː ɛntʃteːt aʊx aɪn ɡəvɪsɜ zoːtsiːɑːlɜ dɾʊk,Präsens,1
die zahl der,tsɑːl,3,1,3-1,1,3,3,4,3,0.75,1.0,9.5906,0.091,26.1534,"Die Zahl der Angestellten stieg zwar um 1,1 Prozent auf 971.",tsɑːl fɔɾ dɑːɾ aɾgʃtɛltən ɪnz aɪgɛnlɪçɔm aɪskɾʊmɑː aɪspoːtsɛnt dʊfniːx oːnət aɪnɪs ɪbɛts gʃtiːgən,diː tsɑːl dɛɾ anɡəʃtɛltən ʃtiːk tsvɑːɾ ʊm aɪns aɪns pɾoːtsɛnt aʊf nɔønhʊndɜt aɪn ʊntziːptsɪç,Präteritum,1
möchte,mɛçt,1,1,1-1,0,4,4,24,5,0.1667,0.8,6.6837,0.0219,26.1486,Gerne möchte ich aber zu Grundsätzlichem kommen.,gɛɾdən mɛçt diː aːbɛrtsuː gɾʊnt tsɛtslɪç ɪmkɔːx,ɡɛɾnə mœçtə ɪç ɑːbɜ tsuː ɡɾʊndzɛtslɪçəm kɔmən,Präsens,1
alle,alɪ,1,1,1-1,0,4,4,25,4,0.16,1.0,6.9467,0.0636,26.0204,Doch der Zwischenfall endete nicht für alle glimpflich.,dɔxt tsuːʃɛfɑːl hɛnt nɪçfɪɾ alɪ glɪmtflɪç gɛndɛt,dɔx dɛɾ tsvɪʃənfal ɛndətə nɪçt fyːɾ alə ɡlɪmpflɪç,Präsens,1
wissen,vyːsə,1,1,1-1,0,3,3,7,3,0.4286,1.0,8.7832,0.0185,25.8617,"Wir wissen, dass die Stadt dieses Thema anpackt.",eːɾ vyːsə ɛt ɛs ʃtɑːt daɪ teːmɑ ɑːpɑːkt,viːɾ vɪsən das diː ʃtat diːzəs teːmɑː anpakt,Präsens,1
die zahl,tsɑːl,2,1,2-1,1,3,3,5,3,0.6,1.0,9.2687,0.0725,25.7904,"Die Zahl der Angestellten stieg zwar um 1,1 Prozent auf 971.",tsɑːl fɔɾ dɑːɾ aɾgʃtɛltən ɪnz aɪgɛnlɪçɔm aɪskɾʊmɑː aɪspoːtsɛnt dʊfniːx oːnət aɪnɪs ɪbɛts gʃtiːgən,diː tsɑːl dɛɾ anɡəʃtɛltən ʃtiːk tsvɑːɾ ʊm aɪns aɪns pɾoːtsɛnt aʊf nɔønhʊndɜt aɪn ʊntziːptsɪç,Präteritum,1
zahl der,tsɑːl,2,1,2-1,1,3,3,4,3,0.75,1.0,9.5906,0.1095,25.6206,"Die Zahl der Angestellten stieg zwar um 1,1 Prozent auf 971.",tsɑːl fɔɾ dɑːɾ aɾgʃtɛltən ɪnz aɪgɛnlɪçɔm aɪskɾʊmɑː aɪspoːtsɛnt dʊfniːx oːnət aɪnɪs ɪbɛts gʃtiːgən,diː tsɑːl dɛɾ anɡəʃtɛltən ʃtiːk tsvɑːɾ ʊm aɪns aɪns pɾoːtsɛnt aʊf nɔønhʊndɜt aɪn ʊntziːptsɪç,Präteritum,1
weiss,vaɪs,1,1,1-1,0,3,3,6,4,0.5,0.75,8.5906,0.0119,25.465,"Soviel ich weiss, ist der Einwohnerrat die Legislative in einer Gemeinde.",tsuːfiːlɪç vaɪs ɪçtə iːvoːnərɑːɾt lɛgɪslatiːveː iːdɛgɛmaɪnt,zoːviːl ɪç vaɪs ɪst dɛɾ aɪnvoːnɜrɑːt diː leːɡɪslatiːvə ɪn aɪnɜ ɡəmaɪndə,Präsens,1
rahmen,rɑːmə,1,1,1-1,0,3,3,5,3,0.6,1.0,9.2687,0.0869,25.3883,Ein weiterer Mann wurde im Rahmen einer Fahndung identifiziert und gestellt.,ɛn vɪktərə mɑːɾ ɪç ɪm rɑːmə fɔnɔxfɑːndɪç iːdɛntifiːɾt ʊntgʃtɛlt vɔɾdə,aɪn vaɪtərɜ man vʊɐdə ɪm rɑːmən aɪnɜ fɑːndʊŋ iːdəntiːfiːtsiːɾt ʊnt ɡəʃtɛlt,Präteritum,1
ich finde,ɪç fɪnt,2,2,2-2,1,3,3,7,3,0.4286,1.0,8.7832,0.0381,25.3459,Ich finde das aber falsch.,ɪç fɪnt dɑː ɑːbɛɾfalʃ,ɪç fɪndə das ɑːbɜ falʃ,Präsens,1
rolle,roːlə,1,1,1-1,0,3,3,7,3,0.4286,1.0,8.7832,0.0408,25.2749,Schwarz spielt für einmal eine eher untergeordnete Rolle.,ʃvaɾts ʃpyːt vɛɾ aɪmɑːl eːɾ aɪn ʊntɛgɑːdən diː roːlə,ʃvaɾts ʃpiːlt fyːɾ aɪnmɑːl aɪnə eːɜ ʊntɜɡəɔɾdnətə rɔlə,Präsens,1
24,fiːrə,1,1,1-1,0,3,3,4,4,0.75,0.75,9.1755,0.0881,25.1017,Er bekam 24 Millionen Franken.,haɪd fiːrə tsɑns gəloːnə fɾɑnkə iːbɾɾoːm,ɛɾ bəkɑːm fiːɾ ʊnttsvantsɪç mɪljoːnən fraŋkən,Präsens,1
rahmen,ɪm rɑːmə,1,2,1-2,1,3,3,5,3,0.6,1.0,9.2687,0.1024,24.96,Ein weiterer Mann wurde im Rahmen einer Fahndung identifiziert und gestellt.,ɛn vɪktərə mɑːɾ ɪç ɪm rɑːmə fɔnɔxfɑːndɪç iːdɛntifiːɾt ʊntgʃtɛlt vɔɾdə,aɪn vaɪtərɜ man vʊɐdə ɪm rɑːmən aɪnɜ fɑːndʊŋ iːdəntiːfiːtsiːɾt ʊnt ɡəʃtɛlt,Präteritum,2
zahl,tsɑːl,1,1,1-1,0,3,3,6,3,0.5,1.0,9.0056,0.091,24.5582,"Die Zahl der Angestellten stieg zwar um 1,1 Prozent auf 971.",tsɑːl fɔɾ dɑːɾ aɾgʃtɛltən ɪnz aɪgɛnlɪçɔm aɪskɾʊmɑː aɪspoːtsɛnt dʊfniːx oːnət aɪnɪs ɪbɛts gʃtiːgən,diː tsɑːl dɛɾ anɡəʃtɛltən ʃtiːk tsvɑːɾ ʊm aɪns aɪns pɾoːtsɛnt aʊf nɔønhʊndɜt aɪn ʊntziːptsɪç,Präteritum,1
eltern,ɛltərə,1,1,1-1,0,3,3,8,3,0.375,1.0,8.5906,0.0502,24.4777,Erst einmal musste er sein Dilemma seinen Eltern beichten.,tseːɾʃəmɑːl heːt dɛɾzɪst diː lɛmɑː møːsə ziːn ɛltərə biːxtə,eːɾst aɪnmɑːl mʊstə ɛɾ zaɪn diːlɛmɑː zaɪnən ɛltɜn baɪçtən,Präteritum,1
finde,ɪç fɪnt,1,2,1-2,1,3,3,9,3,0.3333,1.0,8.4207,0.0344,24.3932,Ich finde das aber falsch.,ɪç fɪnt dɑː ɑːbɛɾfalʃ,ɪç fɪndə das ɑːbɜ falʃ,Präsens,1
zürich,tsyːrɪ,1,1,1-1,0,3,3,10,3,0.3,1.0,8.2687,0.0187,24.3424,Der Kanton Zürich hat einen Teil seines Vermögens in Immobilien investiert.,dɛlkɑːnt ʊnt tsyːrɪ hatən taɪl fɔsɪm fɔrmɛlgɛ ɪn ɪmoːbiːlɪn vɛʃtiːrt,dɛɾ kantoːn tsyːrɪç hat aɪnən taɪl zaɪnəs fɛɾmøːɡəns ɪn ɪmoːbiːlɪən ɪnvɛstiːɾt,Präsens,1
geltend gemacht,gmaxt,2,1,2-1,1,3,3,3,10,1.0,0.3,8.2687,0.0338,23.9666,"Die Gemeinde besass das Vorkaufsrecht, welches geltend gemacht wurde.",gmaɪnt hɛɪts fɔːx aʊfzvɛçt pzɛsən vʊɐ zaʊ gɛldən gmaxt hɪnt,diː ɡəmaɪndə bəzas das foːɾkaʊfsrɛçt vɛlçəs ɡɛltənt ɡəmaxt vʊɐdə,Präteritum,1
scheint,ʃiːnt,1,1,1-1,0,3,3,9,3,0.3333,1.0,8.4207,0.0538,23.9032,Der grosse Lastwagen scheint wirklich noch grössere Wogen zu werfen.,eː gɾoːslaʃtvakə ʃiːnt viːɾklɪ nɔx gɾøːsriːboːkə tsvɛrfən,dɛɾ ɡɾɔsə lastvɑːɡən ʃaɪnt vɪɾklɪç nɔx ɡɾœsərə voːɡən tsuː vɛɾfən,Präsens,1
heisst,haɪs,1,1,1-1,0,3,3,5,5,0.6,0.6,8.5317,0.0679,23.8573,"Also heisst das, sie sind wegen nichtmonitären Gründen hier.",ɑzə dɛs haɪs ɪz ɪn vɛgən nøt mʊnɪtɛrə gərɪnt dɛl,alzoː haɪst das ziː zɪnt veːɡən nɪçtmoːniːtɛːrən ɡɾʏndən hiːɾ,Präsens,1
dieses geschäft,gʃɛft,2,1,2-1,1,3,3,3,9,1.0,0.3333,8.4207,0.0591,23.7699,Wir haben dieses Geschäft am 13. März 2018 in der FGPK behandelt.,miːɾ hɛnt dɛs gʃɛft ɑːm dɾiːtzɛtə mɛɾts tsvaɪ axtsɛn iːdɛnfgɛːpɛːkɛɾ bəhandlɛt,viːɾ hɑːbən diːzəs ɡəʃɛft am dɾaɪtseːn mɛɾts tsvaɪ taʊzənt axtseːn ɪn dɛɾ ɛfɡeːpeːkɑː bəhandəlt,Perfekt,1
davon,foː,1,1,1-1,0,5,5,22,24,0.2273,0.2083,4.8681,0.0243,23.7497,Hier ist ein ganzer Band davon.,dɔɾ ɪʃən gantsə baʊnt də foː,hiːɾ ɪst aɪn ɡantsɜ bant dɑːfɔn,Präsens,1
zahlen,tsɑːlə,1,1,1-1,0,3,3,10,3,0.3,1.0,8.2687,0.0446,23.6993,"Lassen Sie uns auf die Budgetdiskussion ehrliche, klare Zahlen vorlegen.",løntsiː yːs nɔx dɛɾ eːbyːtʃə diːs kuziːoːn eːrləçɪ klɑːrə tsɑːlə vɔlɪçə,lasən ziː ʊns aʊf diː bʊdɡɛtdɪskʊsjoːn eːɾlɪçə klɑːrə tsɑːlən foːɾleːɡən,Präsens,1
hat sich,hɛt zɪç,2,2,2-2,1,4,4,19,9,0.2105,0.4444,6.1727,0.0452,23.5743,Roland Emmerich hat sich William Shakespeare vorgenommen.,oːlɑːnd ɛmɛriːx hɛt zɪç viːl ɛmʃɛks viːɾ fɔːbknɔː,roːlant ɛmeːrɪç hat zɪç vɪliːɑːm ʃɑkɛspeːɑːrə foːɾɡənɔmən,Präsens,1
ist die,ɪst,2,1,2-1,1,5,5,20,24,0.25,0.2083,5.0056,0.0609,23.5051,Mir ist die ganze Zahlenkonstruktion nicht mehr im Detail präsent.,meːɾ ɪst iːgant ziːtsɑːl kɔnʃtɾuːktsɪoːn nyːmmɛ ɪn dɛtaɪl pɾɛzɛnt,miːɾ ɪst diː ɡantsə tsɑːlənkɔnstɾʊktsjoːn nɪçt meːɾ ɪm deːtaɪ pɾɛːzɛnt,Präsens,1
platz,blats,1,1,1-1,0,3,3,8,4,0.375,0.75,8.1755,0.0456,23.4074,Den dritten Platz belegte bei den Meisterschaften Norwegen.,ɪn dɾiː blats bɪn dɛmaɪʃtɛʃaftɛɾ hɛtnɑːvɪgə bəlaɪt,deːn dɾɪtən plats bəleːktə baɪ deːn maɪstɜʃaftən nɔɾveːɡən,Präsens,1
sitzung,ziːtsɪk,1,1,1-1,0,3,3,12,3,0.25,1.0,8.0056,0.0444,22.9495,Das Rücktrittsschreiben lag bereits an einer früheren Sitzung vor.,zryːk tɾiːtsʃriːbɪ ʃœnərə frøːnərə ziːtsɪk fɔɾglɛkə,das rʏktɾɪtsçraɪbən lɑːk bəraɪts an aɪnɜ fryːərən zɪtsʊŋ fɔɾ,Präteritum,1
geltend,gmaxt,1,1,1-1,0,3,3,3,10,1.0,0.3,8.2687,0.0783,22.8641,"Die Gemeinde besass das Vorkaufsrecht, welches geltend gemacht wurde.",gmaɪnt hɛɪts fɔːx aʊfzvɛçt pzɛsən vʊɐ zaʊ gɛldən gmaxt hɪnt,diː ɡəmaɪndə bəzas das foːɾkaʊfsrɛçt vɛlçəs ɡɛltənt ɡəmaxt vʊɐdə,Präteritum,1
finde,fɪnt,1,1,1-1,0,3,3,9,4,0.3333,0.75,8.0056,0.0508,22.797,Ich finde das aber falsch.,ɪç fɪnt dɑː ɑːbɛɾfalʃ,ɪç fɪndə das ɑːbɜ falʃ,Präsens,2
spass,ʃpas,1,1,1-1,0,3,3,8,4,0.375,0.75,8.1755,0.0746,22.6969,Die Überarbeitung macht dann wieder Spass.,dyːbɛːbɑːɾbaɪtyːgmaxt dɛm maɪtɛɾ ʃpas,diː yːbɜaɾbaɪtʊŋ maxt dan viːdɜ ʃpas,Präsens,1
mehrere,meːrə,1,1,1-1,0,3,3,5,6,0.6,0.5,8.2687,0.0981,22.3713,Es wurden von verschiedenen Seiten mehrere Kommissionen gestrichen.,eːsiːbən fɔs fɔʃiːdən ɛsiːdən meːrə rɪk kɔmɪsɔn ɛkstɾɪçɛrvɑːrdən,ɛs vʊɐdən fɔn fɛɾʃiːdənən zaɪtən meːrərə kɔmɪsjoːnən ɡəʃtɾɪçən,Präteritum,1
sich in,zɪç ɪn,2,2,2-2,1,3,3,9,4,0.3333,0.75,8.0056,0.0718,22.2934,Susanne Heuberger begibt sich in den Ausstand.,tsuːzɑːn hɔøbɛɾgɔ bɛgiːt zɪç ɪn ʊsʃtɑːnd,zuːzanə hɔøbɛɾɡɜ bəɡiːpt zɪç ɪn deːn aʊsʃtant,Präsens,1
ich finde,fɪnt,2,1,2-1,1,3,3,7,4,0.4286,0.75,8.3682,0.1138,22.2488,Ich finde das aber falsch.,ɪç fɪnt dɑː ɑːbɛɾfalʃ,ɪç fɪndə das ɑːbɜ falʃ,Präsens,2
in diesem,ɪdɛm,2,1,2-1,1,3,3,15,3,0.2,1.0,7.6837,0.0359,22.2244,Wir haben in diesem Bereich neu einen Lastenausgleich.,meː hɛnd ɪdɛm gəraɪç nɔø ɛn laʃtə dʊs gliːk,viːɾ hɑːbən ɪn diːzəm bəraɪç nɔø aɪnən lastənaʊsɡlaɪç,Präsens,1
der stadtrat,ʃtatɾɑːt,2,1,2-1,1,3,3,16,3,0.1875,1.0,7.5906,0.0244,22.2164,"Anstrengungen hat der Stadtrat unternommen, die Frist im vorliegenden Fall einzuhalten?",aɾʃtɛɾgən gəhɛlt dɛɾ ʃtatɾɑːt ʊndən nɔːrɪçt ɪm fɾɪlɪçən fɑːləgən fɑːl iːts haltə,anʃtɾɛŋʊŋən hat dɛɾ ʃtatɾɑːt ʊntɜnɔmən diː frɪst ɪm foːɾliːɡəndən fal aɪntsuːhaltən,Präsens,1
könnten,kœntə,1,1,1-1,0,3,3,10,5,0.3,0.6,7.5317,0.0182,22.1847,So könnten wir die verschiedenen Szenarien vorbereiten.,soːx kœntə miːɾ diː fɪʃiːdən ɛstsənɑːɾiː fɑːbəraɪtə,zoː kœntən viːɾ diː fɛɾʃiːdənən stseːnɑriːən foːɾbəraɪtən,Präsens,1
jahre,jɔː,1,1,1-1,0,4,4,23,10,0.1739,0.4,5.7451,0.0444,21.959,Es gäbe sicher lohnenswerte Ziele für die nächsten Jahre.,ɛs gɛp sɪç loːnən tsvɛɾt diː tsiːl fyːɾ diː nɔɾstɛ jɔː,ɛs ɡɛːbə zɪçɜ loːnənsveːɾtə tsiːlə fyːɾ diː nɛçstən jɑːrə,Präsens,1
fdp,peː,1,1,1-1,0,3,3,10,5,0.3,0.6,7.5317,0.0367,21.765,Die FDP setzt sich für Fortschritte ein.,ɛftə peː sɛtst tɪç fyːɾ fɔːɾtʃriːtiː,diː ɛfdeːpeː zɛtst zɪç fyːɾ fɔɾtʃrɪtə aɪn,Präsens,1
sich der,zɪçtə,2,1,2-1,1,3,3,7,8,0.4286,0.375,7.3682,0.0181,21.7039,Seit zehn Jahren widmet er sich der Erforschung dieser Pflanzen.,ziː tsɛː jɑːvɪd ʏm dɛɾ zɪçtə ɛɾfɔɾʃɪp fɔ deːnə blantsə,zaɪt tseːn jɑːrən vɪdmət ɛɾ zɪç dɛɾ ɛɾfɔɾʃʊŋ diːzɜ pflantsən,Präsens,1
zeigt,tsaɪkt,1,1,1-1,0,3,3,8,6,0.375,0.5,7.5906,0.0718,21.1369,Das zeigt eine Studie von Psychologen aus 44 Ländern.,das tsaɪkt ɛs ʃtuːdɪɾt fɔpsyxɔloːgə uːzfiːrə fiːɾtsglɛndɔ,das tsaɪkt aɪnə ʃtuːdɪə fɔn psyːçoːloːɡən aʊs fiːɾ ʊntfɪɾtsɪç lɛndɜn,Präsens,1
gibt es,gits,2,1,2-1,1,3,3,18,3,0.1667,1.0,7.4207,0.0542,21.0561,Zum Schweizer Preis gibt es noch keine konkreten Angaben.,tsuʒuitse prɛz gits nokraʎ kɔn kɾɛtʃ ɛɾkɔp,tsʊm ʃvaɪtsɜ pɾaɪs ɡiːpt ɛs nɔx kaɪnə kɔŋkɾeːtən anɡɑːbən,Präsens,1
ist alles,ɑːləs,2,1,2-1,1,3,3,3,10,1.0,0.3,8.2687,0.1526,21.0211,Für Gäste und Besitzer ist alles zugänglich.,fyːɾ geːʃtʊm ziːtsɛ ɪn ɑːləs tsuːɾgɛːnlɪç,fyːɾ ɡɛstə ʊnt bəzɪtsɜ ɪst aləs tsuːɡɛŋlɪç,Präsens,1
du,du,1,1,1-1,0,3,3,17,4,0.1765,0.75,7.0881,0.0156,20.9318,Du wirst wieder und wieder fragen müssen.,du viːɾ ɔʃviːtɛ ɔn bitɛɾ fɔɾgəmɪsə,duː vɪɾst viːdɜ ʊnt viːdɜ frɑːɡən mʏsən,Futur,1
liegt,liːk,1,1,1-1,0,3,3,16,4,0.1875,0.75,7.1755,0.0349,20.7754,"Das Potenzial, das die LOVA anfänglich aufzeigte, liegt bei 7 Mio. Franken.",s pʊntən tsiːɑːl vʊɐt gloːvɑː ɑːfɛnglgɛɾ ʊftsɛɾk haɪt liːk bɪsibə mɪliːoːnə frankə,das poːtəntsiːɑːl das diː loːvɑː anfɛŋlɪç aʊftsaɪktə liːkt baɪ ziːbən mɪoː fraŋkən,Präsens,2
keinen,kaɪn,1,1,1-1,0,3,3,14,5,0.2143,0.6,7.0463,0.0234,20.645,Es gibt jedoch keinen Grund mit der Umsetzung dringender Massnahmen zuzuwarten.,ɛs giːt jeːdaʊx kaɪn gʊnt miː deːm ʊmsɛtsɪç fɔrdɾɪŋənə mɑːsnɑːmə tsʊːrɛts vɑːɾtə,ɛs ɡiːpt jeːdɔx kaɪnən ɡɾʊnt mɪt dɛɾ ʊmzɛtsʊŋ dɾɪŋəndɜ masnɑːmən tsuːtsuːvaɾtən,Präsens,1
schweiz,ʃvits,1,1,1-1,0,3,3,20,3,0.15,1.0,7.2687,0.054,20.6294,Aarau ist eine der 50 grössten Städte der Schweiz.,ɑːraʊ ɪ ʃaɪnɪ fɔr dɛɾ fʏfts gɾœʃtɛɾ ʃtɛkt ɪtɛɾ ʃvits,ɑːraʊ ɪst aɪnə dɛɾ fʏnftsɪç ɡɾœstən ʃtɛtə dɛɾ ʃvaɪts,Präsens,2
ich möchte,mɛçt,2,1,2-1,1,3,3,12,5,0.25,0.6,7.2687,0.0624,20.4445,Und ich möchte auch kein Geheimnis daraus machen.,ʊn diː mɛçt aʊkhaɪs kɑlmɪs tɔs maxə,ʊnt ɪç mœçtə aʊx kaɪn ɡəhaɪmnɪs dɑːraʊs maxən,Präsens,1
diesbezüglich,diːz,1,1,1-1,0,3,3,7,7,0.4286,0.4286,7.5608,0.1019,20.3723,Ich habe diesbezüglich leider keine Angaben gefunden.,ɪɐ diːz bətsyːklɛ klaɪdɐ kɑː jɑːgɑːgɑːɾgɛk vɔndə,ɪç hɑːbə diːsbeːtsyːklɪç laɪdɜ kaɪnə anɡɑːbən ɡəfʊndən,Perfekt,1
all,ɑl,1,1,1-1,0,3,3,9,9,0.3333,0.3333,6.8357,0.0192,20.1135,Beispielhaft ist das Duell mit Russland um die Vorherrschaft im All.,ɪʃpɪlhaft ɪst stuːl mɪt rʊslant ʊnt fɔːr hɛɾʃaft ɪm ɑl,baɪʃpiːlhaft ɪst das duːɛl mɪt rʊslant ʊm diː foːɾheːɾɾʃaft ɪm al,Präsens,1
gibt es,giːts,2,1,2-1,1,3,3,18,4,0.1667,0.75,7.0056,0.047,20.0289,Im Fussball gibt es immer etwas Neues zu erzählen.,ɪm vʊɐspal giːts iːmɑː øːbɪs nɔøst fɔtseːlə,ɪm fʊsbal ɡiːpt ɛs ɪmɜ ɛtvɑːs nɔøəs tsuː ɛɾtsɛːlən,Präsens,2
demnach,tɛm,1,1,1-1,0,3,3,5,14,0.6,0.2143,7.0463,0.0575,19.9234,Das Geschoss schlug demnach etwa 150 Meter entfernt vom OSZE-Fahrzeug ein.,ɪtə ʃɑs hɛt tɛm nɑːx ɛtə hɔnə fʏftsʃgmeːtɾɪnt fɛɾt fɔm ɔsət eːfɾaɾtsuːgɛlɛkɛn,das ɡəʃɔs ʃluːk dɛmnax ɛtvɑː aɪnhʊndɜt fʏnftsɪç meːtɜ ɛntfɛɾnt fɔm ɔstsəfɑːɾtsɔøk aɪn,Präteritum,1
kommt,kʊnt,1,1,1-1,0,3,3,13,7,0.2308,0.4286,6.6678,0.0101,19.8018,Aber dann kommt die Problematik.,aɪbɛ dɛn kʊnt tiː pɔbɛmatɪç,ɑːbɜ dan kɔmt diː pɾoːbleːmɑtiːk,Präsens,1
2018,tsvaɪt,1,1,1-1,0,3,3,8,8,0.375,0.375,7.1755,0.0842,19.713,Wie wird das Budget 2018 aussehen?,viːɾ viːɾts byːtʃə tsvaɪt duːzə kʊntɑxtsə aʊsgəseːn,viː vɪɾt das bʊdɡət tsvaɪ taʊzənt axtseːn aʊszeːən,Futur,1
wäre,vɛɾ,1,1,1-1,0,4,4,18,20,0.2222,0.2,5.0987,0.0401,19.5769,Allein diese Tatsache wäre schon ein Schritt in die richtige Richtung.,ɛlaɪdiːtɛtsaːx vɛɾ ɑʊnʃvoːɛn ʃrɪptiː diː rɪçtɪgɾɪçtɪgɛk,alaɪn diːzə tatzaxə vɛːrə ʃoːn aɪn ʃrɪt ɪn diː rɪçtɪɡə rɪçtʊŋ,Präsens,1
neuen,nɔɪə,1,1,1-1,0,3,3,20,4,0.15,0.75,6.8536,0.0517,19.4982,Die meisten neuen Läden entstehen derzeit allerdings im Ausland.,ɪmaɪʃteːn nɔɪə laɪtə ɛtʃtənt aɪsɔɾdiːgən stɛɾts tɪ mʊsɛlant,diː maɪstən nɔøən lɛːdən ɛntʃteːən dɛɾtsaɪt alɜdɪŋs ɪm aʊslant,Präsens,1
fünf,fyːf,1,1,1-1,0,3,3,14,7,0.2143,0.4286,6.5608,0.0261,19.1689,Die letzten fünf bis sechs Jahre waren geprägt von intensiven Budgetdebatten.,diː lɛtʃtə fyːf bɪsɛç ziːɑːr zɪm tɾɛksiː foːɪntəntsiːf fɛɾbiːtʃɛtə bɑːtə,diː lɛtstən fʏnf bɪs zɛks jɑːrə vɑːrən ɡəpɾɛːkt fɔn ɪntɛnziːvən bʊdɡɛtdeːbatən,Plusquamperfekt,1
hat das,hɛts,2,1,2-1,1,3,3,10,10,0.3,0.3,6.5317,0.0328,18.9518,Die HRS folgte unserem Vorschlag und hat das Tellikonzept studiert.,taɪrə ɛs hɛt dyːzən fɔɾʃlɑːk ʊfknɔː ʊnt hɛts teːliːk kɔntsɛpt ʃtuːdiːrt,diː hɑːɛrɛs fɔlktə ʊnzərəm foːɾʃlɑːk ʊnt hat das tɛliːkɔntsɛpt ʃtuːdiːɾt,Präsens,1
dieser zeit,tsiːt,2,1,2-1,1,3,3,7,13,0.4286,0.2308,6.6678,0.0676,18.6512,Gleichzeitig wird die Pikettorganisation während dieser Zeit entlastet.,gliːxtsiːtɪg viːɾt piːkə aʊɐganiːzatsiːɔːn vɛɾɾɛt tɛrə tsiːt dɛɾ klaɪʃtət,ɡlaɪçtsaɪtɪç vɪɾt diː piːkɛtɔɾɡaniːzatsjoːn vɛːrənt diːzɜ tsaɪt ɛntlastət,Futur,1
und die,ʊnt diː,2,2,2-2,1,3,3,13,9,0.2308,0.3333,6.3052,0.0163,18.6069,Den Verkehr und die Aufenthaltsqualität zu kombinieren ist die Quadratur des Kreises.,ɪnə fɛreːə ʊnt diː uːfəntɑːls kɑːnɪtɛtt kɾʊmpɪneːrə ɪçkʊɑːtɾɑːtuːr vʊɐdə xɾaɪzəl,deːn fɛɾkeːɾ ʊnt diː aʊfənthaltskvɑːliːtɛːt tsuː kɔmbiːniːrən ɪst diː kvadɾatuːɾ dɛs kɾaɪzəs,Präsens,1
budget,duːzə,1,1,1-1,0,3,3,14,6,0.2143,0.5,6.7832,0.0877,18.5646,Wie wird das Budget 2018 aussehen?,viːɾ viːɾts byːtʃə tsvaɪt duːzə kʊntɑxtsə aʊsgəseːn,viː vɪɾt das bʊdɡət tsvaɪ taʊzənt axtseːn aʊszeːən,Futur,2
ich mich,mɪç,2,1,2-1,1,3,3,7,14,0.4286,0.2143,6.5608,0.0579,18.5421,Und schliesslich konnte ich mich da nur zum Affen machen.,oːn tʃlɛslɪç hanɪ mɪç dɑːɾ nɔx aɪnɛ tsʊmɑːfmaxə,ʊnt ʃliːslɪç kɔntə ɪç mɪç dɑː nuːɾ tsʊm afən maxən,Präteritum,1
für den,fyːɾ dɛɾ,2,2,2-2,1,3,3,20,4,0.15,0.75,6.8536,0.1027,18.4499,"Oder wird ein Zusatzkredit fällig, für den der Gemeinderat zuständig ist?",ɔnə viːɾ at dɛtsvɛsatskɑːzɛɾ dɛn fɛlɪk fyːɾ dɛɾ kmaɪntɾɔø tsʊɾstɛndɪgiːʃ,oːdɜ vɪɾt aɪn tsuːzatskɾeːdɪt fɛlɪç fyːɾ deːn dɛɾ ɡəmaɪndeːrɑːt tsuːʃtɛndɪç ɪst,Futur,1
durch,dɔx,1,1,1-1,0,4,4,20,26,0.2,0.1538,4.5682,0.0301,17.7235,Entlang der Winkelriedstrasse wurden die Parkplätze neu angeordnet und durch Bäume aufgewertet.,ɪntlaŋ deːvɪŋkərɛːt ʃraʃt zɪnt bɑːk daɪs nɔø jɑːgɔɾnət ʊnt dɔx bɔøm ʊffeːɾt tvɔɾtə,ɛntlaŋ dɛɾ vɪnkəlriːtstɾasə vʊɐdən diː paɾkplɛtsə nɔø anɡəɔɾdnət ʊnt dʊɐç bɔømə aʊfɡəvɛɾtət,Präteritum,1
stadt,ʃtat,1,1,1-1,0,3,4,15,9,0.2,0.3333,6.0987,0.0323,17.705,Die Stadt ist via Dividende vom Erfolg der Eniwa betroffen.,gɛɾ ʃtat ɪç ʃviːɾ diːɾ diːɾ dɛndə foːmɑːfoːl foːtə ɛniːvɑː bədɾɔfə,diː ʃtat ɪst viːɑː diːviːdəndə fɔm ɛɾfɔlk dɛɾ eːniːvɑː bətɾɔfən,Präsens,1
hätte,hɪt,1,1,1-1,0,3,3,14,9,0.2143,0.3333,6.1983,0.0684,17.3236,Meine Frau hätte im Café sein können.,mɪni fraʊ hɪt kønən ɪm kafɪsiː,maɪnə fraʊ hɛtə ɪm kafeː zaɪn kœnən,Präsens,1
gab es,hɛts,2,1,2-1,1,3,3,11,10,0.2727,0.3,6.3942,0.1157,16.9624,Bei einigen Motoren gab es wahlweise eine 3-Gang-Automatik.,piaɛnɨkɛ motorɛ hɛts vaːlvaɪsɛ ɛrːtryːkɑŋ haʊtɑmɑːtɪk kei,baɪ aɪnɪɡən moːtoːrən ɡɑːp ɛs vɑːlvaɪzə aɪnə dɾaɪɡaŋaʊtoːmɑtiːk,Präteritum,1
sie sich,ziːx,2,1,2-1,1,3,3,15,11,0.2,0.2727,5.8092,0.037,16.7822,Wie fühlen Sie sich als Entertainer mittleren Alters?,viːɾ vyːlə tsiː ziːx als ɛndɔteːnɔ mɪçlrən ɛltɔs,viː fyːlən ziː zɪç als (en)ɛntəteɪnə(de) mɪtlərən altɜs,Präsens,1
zwischen,baɪdə,1,1,1-1,0,3,3,9,9,0.3333,0.3333,6.8357,0.1868,16.6764,Das Gleichgewicht zwischen den zwei Anliegen ist nicht genügend austariert.,sglɪçt gviːxt tsvɪʃə dɛnə baɪdə aɾdɪçə ɪʃnək nøːgən dʊstɛɾ pɛɾt,das ɡlaɪçɡeːvɪçt tsvɪʃən deːn tsvaɪ anliːɡən ɪst nɪçt ɡənyːɡənt aʊstariːɾt,Präsens,1
neu,nɔø,1,1,1-1,0,3,3,11,12,0.2727,0.25,6.1312,0.1017,16.5227,Wir haben in diesem Bereich neu einen Lastenausgleich.,meː hɛnd ɪdɛm gəraɪç nɔø ɛn laʃtə dʊs gliːk,viːɾ hɑːbən ɪn diːzəm bəraɪç nɔø aɪnən lastənaʊsɡlaɪç,Präsens,1
nicht in,nøːt,2,1,2-1,1,3,3,11,13,0.2727,0.2308,6.0157,0.0883,16.4537,"Und das wollen wir in Aarau nicht, auch nicht in der Zwischensaison.",ʊnt ʊntɑs vømeːrɪn ɑːraʊ nøːt ɑːnøːtɪtɪ tə tsvɪʃɛzəzɑːn,ʊnt das vɔlən viːɾ ɪn ɑːraʊ nɪçt aʊx nɪçt ɪn dɛɾ tsvɪʃənzaɪzoːn,Präsens,1
sich die,zɪçt,2,1,2-1,1,3,3,16,15,0.1875,0.2,5.2687,0.0258,15.3989,Darum hat sich die Olympiasiegerin etwas ungewöhnliches einfallen lassen.,dɑːrʊm hɛt zɪçt doː lɪmpɪɑːsiːgərɪn øːpɪs ʊkvʏːndlɑːs iːfɑːləloː,dɑːrʊm hat zɪç diː oːlʏmpiːaziːɡərɪn ɛtvɑːs ʊnɡəvøːnlɪçəs aɪnfalən lasən,Präsens,1
gab,hɛts,1,1,1-1,0,3,3,16,10,0.1875,0.3,5.8536,0.1296,15.2845,Bei einigen Motoren gab es wahlweise eine 3-Gang-Automatik.,piaɛnɨkɛ motorɛ hɛts vaːlvaɪsɛ ɛrːtryːkɑŋ haʊtɑmɑːtɪk kei,baɪ aɪnɪɡən moːtoːrən ɡɑːp ɛs vɑːlvaɪzə aɪnə dɾaɪɡaŋaʊtoːmɑtiːk,Präteritum,1
